fsd_no;fsd_vr;fsd_id;Q1E;Q2E;Q3E;Q4E;Q5E;SEX;AGE;EDU;AMMA;TULOT;ASUU;MAAKUNTA;EV_1;EV_2;EV_3;EV_4;EV_5;EV_6;EV_7;EV_8;EV_9;EV_10;Weight
3387;1;1;1;1;1; ; ;1;2;7;3;4;1;1;0;1;0;0;0;0;0;0;0;0;1,0215
3387;1;2;3;3; ;4;Perheen/läheisten tuki.;2;2;7;3;11;5;3;1;0;0;0;0;0;0;0;0;0;1,0475
3387;1;3;2;4; ;1;En osaa sanoa;1;3;6;11;1;7;3;0;1;0;0;0;0;0;0;0;0;1,1932
3387;1;4;4;1;2; ; ;1;1;7;2;4;1;1;0;1;0;0;0;0;0;0;0;0;1,3425
3387;1;5;5;5; ; ; ;2;3;4;8;11;5;3;0;0;1;0;0;0;0;0;0;0;1,0475
3387;1;6;5;3; ;1;Puhumisapua;1;2;4;1;2;7;15;0;0;1;0;0;0;0;0;0;0;,7414
3387;1;7;0;5; ; ; ;1;1;6;1;11;6;5;0;0;1;0;0;0;0;0;0;0;1,3221
3387;1;8;5;2; ;1;En osaa sanoa;2;3;7;2;5;2;1;0;1;0;0;0;0;0;0;0;0;1,0678
3387;1;9;8;4; ;4;Mitää apua tarvitse. Kyllä saan ihan itse itseni hengiltä;2;1;4;7;10;1;18;1;0;0;0;0;0;0;0;0;0;1,0608
3387;1;10;0;1;3; ; ;1;2;7;7;2;6;4;0;1;0;0;0;0;0;0;0;0;1,0953
3387;1;11;4;1;3; ; ;1;2;7;2;4;4;2;0;1;0;0;0;0;0;0;0;0;,7311
3387;1;12;3;3; ;4;enemmän läsnäoloa läheisiltä ihmisiltä;1;2;8;3;10;1;1;0;0;1;0;0;0;0;0;0;0;1,0215
3387;1;13;8;4; ;3;En osaa sanoa;2;2;1;1;6;2;1;0;0;0;1;0;0;0;0;0;0;1,0678
3387;1;14;4;2; ;4;Sellaista että minut otettaisiin vakavasti, eikä vähäteltäisi;1;1;4;7;11;5;18;0;1;0;0;0;0;0;0;0;0;,8196
3387;1;15;1;5; ; ; ;1;3;8;3;7;6;10;0;0;0;1;0;0;0;0;0;0;,6705
3387;1;16;1;1;1; ; ;2;2;8;3;6;5;11;0;0;1;0;0;0;0;0;0;0;,788
3387;1;17;3;1;2; ; ;2;3;7;4;11;6;1;0;1;0;0;0;0;0;0;0;0;,9503
3387;1;18;8;4; ;4;Säännollisiä terveystarkistuksia;1;3;7;1;2;1;1;0;1;0;0;0;0;0;0;0;0;1,0215
3387;1;19;2;1;2; ; ;2;3;8;3;10;1;1;0;0;1;0;0;0;0;0;0;0;1,044
3387;1;20;6;2; ;4;En osaa sanoa;2;3;7;3;10;6;1;0;0;1;0;0;0;0;0;0;0;,9503
3387;1;21;4;1;1; ; ;2;1;1;7;1;2;1;0;1;0;0;0;0;0;0;0;0;1,4034
3387;1;22;0;1;1; ; ;1;2;7;1;11;7;10;0;0;1;0;0;0;0;0;0;0;,6773
3387;1;23;3;1;2; ; ;2;2;6;1;11;7;1;1;0;0;0;0;0;0;0;0;0;,9599
3387;1;24;6;3; ;4;Minulla ei ollut mitään suunnitelmaa itsemurhasta vaan vain ajatuksia tyyliin toivoisinpa, että auto ajaisi päältä, koska olin epäsopivassa työssä. Olin siis masentunut, mutta en erittäin pahasti. Läheisille kerroin masennuksesta mutta en näistä ajatuksista, mutta sitä kautta sain apua. Olisin toivonut mahdollisuutta jutella nimettömästi näistä asioista esim. puhelimitse. Mutta asuin vanhempien luona, joten en oikein viitsinyt soittaa, ja työkin vei kaikki mehut, niin etten pystynyt keskittymään muuta kuin siihen. Ja työaikaan en tietysti olisi päässyt juttelemaan kenenkään kanssa. En olisi uskaltanut pyytää vapaata terveydellisten syiden vuoksi. Esimies oli äärimmäisen hyväsydäminen, mutta en halunnut aiheuttaa vaivaa enkä huolta. Tilanteeni on kuitenkin hyvä, sillä juttelu läheisille ja ennen kaikkea päätös siirtyä toiselle alalle poisti masennuksen, samoin kristinusko ja eettinen toiminta. Nyt pystyn taas keskittymään minulle tärkeisiin asioihin eikä vain työhön.;2;3;8;10;2;6;4;0;1;0;0;0;0;0;0;0;0;1,1195
3387;1;25;10;4; ;2;Minulta puutuu säännöllinen hoitokontakti, haluaisin voida tavata psykiatria aina tarvittaessa ja päästä tarpeeksi pitkäksi aikaa avo-osastolle tms kuntouttavaan toimintaan;1;4;7;8;3;6;1;0;1;0;0;0;0;0;0;0;0;1,0046
3387;1;26;9;4; ;5;En osaa sanoa;2;2;4;10;11;5;18;0;1;0;0;0;0;0;0;0;0;,6374
3387;1;27;6;4; ;4;Ymmärtävää muttei hyysäävää keskusteluapua, joka osaisi kertoa vastauksia eikä vain yrittäisi saada ajattelemaan itse;1;2;8;1;4;3;5;0;0;1;0;0;0;0;0;0;0;,6792
3387;1;28;1;1;2; ; ;2;3;6;10;1;5;12;0;1;0;0;0;0;0;0;0;0;,8509
3387;1;29;4;2; ;1;Minulle tärkein apu oli se, että pääsin puhumaan asioista ihmisen kanssa joka oli minulle ennestään tuntematon. Jos olisin purkanut asioita tutun ihmisen kanssa olisin luultavammin ahdistunut asioista vielä enemmän.;1;1;6;1;11;2;1;1;0;0;0;0;0;0;0;0;0;1,373
3387;1;30;1;1;1; ; ;2;1;6;7;1;2;1;0;0;1;0;0;0;0;0;0;0;1,4034
3387;1;31;8;3; ;2;Aktiivisempaa apua, jonka hankkiminen olisi ollut helpompaa;1;1;6;10;2;1;1;0;1;0;0;0;0;0;0;0;0;1,3425
3387;1;32;3;1;2; ; ;1;1;8;1;2;5;10;0;1;0;0;0;0;0;0;0;0;,7645
3387;1;33;0;1;2; ; ;2;1;6;7;7;4;2;1;0;0;0;0;0;0;0;0;0;,982
3387;1;34;7;5; ; ; ;1;1;6;7;1;7;1;1;0;0;0;0;0;0;0;0;0;1,2342
3387;1;35;0;1;2; ; ;1;3;6;1;11;7;2;0;0;0;0;1;0;0;0;0;0;1,0194
3387;1;36;1;1;1; ; ;1;2;6;1;9;1;1;0;0;0;1;0;0;0;0;0;0;1,0215
3387;1;37;2;1;2; ; ;1;3;8;2;7;2;1;0;0;1;0;0;0;0;0;0;0;1,0448
3387;1;38;0;5; ; ; ;1;1;1;7;11;2;1;1;0;0;0;0;0;0;0;0;0;1,373
3387;1;39;2;1;2; ; ;1;1;6;1;2;5;12;0;0;1;0;0;0;0;0;0;0;1,0941
3387;1;40;0;1;1; ; ;2;1;6;1;10;5;7;1;0;0;0;0;0;0;0;0;0;1,2176
3387;1;41;11;1;3; ; ;2;2;6;7;1;5;6;0;1;0;0;0;0;0;0;0;0;,8344
3387;1;42;7;1;1; ; ;1;2;8;2;6;6;16;0;0;1;0;0;0;0;0;0;0;1,0391
3387;1;43;9;2; ;2;Pitkäkestoisempaa terapia/psykologi apua;1;2;8;1;4;1;1;0;1;0;0;0;0;0;0;0;0;1,0215
3387;1;44;3;2; ;3;Keskusteluapua, kavereita ja ystäviä, ylipäätään seuraa;2;3;8;10;2;7;11;1;0;0;0;0;0;0;0;0;0;,9174
3387;1;45;0;2; ;4;Apua ei voi hakea ilman leimautumista. Jotenkin vaan jaksettava. Matalan kynnyksen palveluita toivoisi, tai ns nimettömiä mielenterveyspalveluita enemmän ja helpommin löydettävissä/tavoiteltavissa.;1;3;4;1;8;6;1;0;0;0;1;0;0;0;0;0;0;,9297
3387;1;46;4;1;2; ; ;1;2;6;2;5;3;5;0;0;1;0;0;0;0;0;0;0;,6792
3387;1;47;0;1;1; ; ;2;3;8;3;10;1;1;0;0;1;0;0;0;0;0;0;0;1,044
3387;1;48;7;1;2; ; ;2;3;7;2;11;7;7;0;1;0;0;0;0;0;0;0;0;1,0786
3387;1;49;3;1;2; ; ;1;1;4;10;11;6;12;0;0;0;0;0;0;0;0;1;0;1,2611
3387;1;50;0;1;3; ; ;1;3;6;1;10;5;1;0;0;0;0;0;0;0;0;0;1;,8066
3387;1;51;3;2; ;4;En halunnut apua;1;3;8;1;3;1;1;0;1;0;0;0;0;0;0;0;0;1,0215
3387;1;52;8;2; ;1;Keskustelua, jossa tehdä päiville suunnitelmia ja laitettan pikku tavaoiteita;1;2;7;1;3;3;5;0;1;0;0;0;0;0;0;0;0;,6792
3387;1;53;1;1;2; ; ;2;1;6;7;9;6;1;1;0;0;0;0;0;0;0;0;0;1,2489
3387;1;54;9;3; ;3;Pääsyä psykologille ja mielentilan kartoitusta.;1;1;6;7;11;7;18;1;0;0;0;0;0;0;0;0;0;,9542
3387;1;55;7;5; ; ; ;1;3;4;1;11;5;12;0;0;0;1;1;0;0;0;0;0;,8325
3387;1;56;8;2; ;4;psykoterapeutti;1;3;8;2;9;5;4;0;0;1;0;0;0;0;0;0;0;,9503
3387;1;57;7;3; ;4;Matalan kynnyksen keskusteluapua joka olisi ollut helposti saatavilla.;2;2;4;7;1;1;1;0;0;0;0;0;0;0;0;0;1;1,044
3387;1;58;10;1;1; ; ;1;1;6;7;8;6;5;1;0;0;0;0;0;0;0;0;0;1,3221
3387;1;59;1;5; ; ; ;1;3;8;1;2;5;18;0;1;0;0;0;0;0;0;0;0;,6237
3387;1;60;7;1;1; ; ;1;3;8;10;1;4;2;0;1;0;0;0;0;0;0;0;0;,7311
3387;1;61;4;3; ;1;Oikeasti välittävää apua keneltä tahansa;1;1;6;10;11;2;1;1;0;0;0;0;0;0;0;0;0;1,373
3387;1;62;3;1;2; ; ;1;2;7;1;6;2;1;0;0;1;0;0;0;0;0;0;0;1,0448
3387;1;63;8;1;1; ; ;1;2;8;7;11;7;18;1;0;0;0;0;0;0;0;0;0;,7261
3387;1;64;2;1;2; ; ;1;2;7;7;3;2;1;0;1;0;0;0;0;0;0;0;0;1,0448
3387;1;65;11;5; ; ; ;1;3;8;10;8;5;11;0;0;1;0;0;0;0;0;0;0;,7709
3387;1;66;4;1;1; ; ;1;3;7;7;1;3;5;0;1;0;0;0;0;0;0;0;0;,6792
3387;1;67;7;2; ;1;Sain terapiaa, mutta vain koska vanhemmillani oli mahdollisuus maksaa yksityisen terapeutin tapaamisesta. Nuorille aikuisille ja teineille pitäisi olla paremmat mahdollisuudet mielenterveyden huoltoon.;1;3;6;1;3;2;1;0;1;0;0;0;0;0;0;0;0;1,0448
3387;1;68;6;2; ;3;Apua;1;1;7;1;6;2;1;0;0;1;0;0;0;0;0;0;0;1,373
3387;1;69;7;3; ;1;lääkärin joka ottaa asian vakavasti eikä vähättele tilannetta;1;3;7;1;4;1;1;0;0;1;0;0;0;0;0;0;0;1,0215
3387;1;70;0;4; ;1;Ennalta ehkäisevää työtä jo vuosia aiemmin.;1;3;1;10;1;7;18;0;0;0;0;0;0;0;0;0;1;,7261
3387;1;71;5;1;1; ; ;1;3;7;3;6;1;1;0;1;0;0;0;0;0;0;0;0;1,0215
3387;1;72;0;1;2; ; ;1;2;6;1;8;7;2;0;0;0;0;1;0;0;0;0;0;1,0194
3387;1;73;0;1;1; ; ;1;2;6;2;9;1;1;0;0;1;0;0;0;0;0;0;0;1,0215
3387;1;74;2;1;1; ; ;1;3;8;10;11;7;16;0;0;0;0;0;0;0;0;0;1;1,0495
3387;1;75;5;1;2; ; ;1;2;6;7;2;5;3;0;0;1;0;0;0;0;0;0;0;1,0248
3387;1;76;1;1;1; ; ;2;3;8;2;8;1;1;0;0;1;0;0;0;0;0;0;0;1,044
3387;1;77;8;4; ;4;En osaa sanoa;1;1;6;10;1;6;1;0;1;0;0;0;0;0;0;0;0;1,2219
3387;1;78;6;3; ;1;Vastuu itsestä ammattilaisille.;1;1;6;10;1;5;10;0;0;1;0;0;0;0;0;0;0;,7645
3387;1;79;7;1;1; ; ;1;1;1;7;6;2;1;1;0;0;0;0;0;0;0;0;0;1,373
3387;1;80;8;3; ;2;En osaa sanoa;1;3;4;4;3;7;1;0;1;0;0;0;0;0;0;0;0;,9391
3387;1;81;3;5; ; ; ;1;2;6;1;11;7;5;1;0;0;0;0;0;0;0;0;0;1,0161
3387;1;82;0;1;2; ; ;1;2;8;1;7;2;1;0;0;1;0;0;0;0;0;0;0;1,0448
3387;1;83;1;1;3; ; ;1;2;7;2;2;3;5;0;1;0;0;0;0;0;0;0;0;,6792
3387;1;84;3;1;1; ; ;1;1;6;1;10;7;5;1;0;0;0;0;0;0;0;0;0;1,3354
3387;1;85;7;4; ;2;Toivonut että haluni kuolla otettaisiin vakavammin vaikka pieleen menneitä yrityksiä ei vielä ole takana;1;1;6;11;1;2;1;0;1;0;0;0;0;0;0;0;0;1,373
3387;1;86;5;5; ; ; ;1;3;4;1;6;1;1;0;0;1;0;0;0;0;0;0;0;1,0215
3387;1;87;8;4; ;4;Helpommin tietoa saataville ja pienempi kynnys avun saannille;2;1;6;7;11;3;5;0;1;0;0;0;0;0;0;0;0;,9124
3387;1;88;5;2; ;2;Ymmärtäväistä ja osaavaa henkilökuntaa.;1;3;4;1;8;5;6;0;0;1;0;0;0;0;0;0;0;,8164
3387;1;89;0;1;1; ; ;2;3;8;3;8;1;1;0;0;1;0;0;0;0;0;0;0;1,044
3387;1;90;2;1;1; ; ;1;2;8;7;11;1;1;1;0;0;0;0;0;0;0;0;0;1,0215
3387;1;91;2;1;2; ; ;1;3;7;1;4;6;2;0;0;1;0;0;0;0;0;0;0;1,0092
3387;1;92;6;2; ;1;En osaa sanoa;2;2;8;7;2;3;5;0;1;0;0;0;0;0;0;0;0;,6942
3387;1;93;2;5; ; ; ;2;1;8;7;2;3;5;0;1;0;0;0;0;0;0;0;0;,9124
3387;1;94;8;5; ; ; ;1;1;6;10;11;6;5;0;1;0;0;0;0;0;0;0;0;1,3221
3387;1;95;3;1;1; ; ;1;3;7;5;3;7;12;0;0;0;1;0;0;0;0;0;0;,9693
3387;1;96;2;1;3; ; ;1;2;8;10;11;2;1;1;0;0;0;0;0;0;0;0;0;1,0448
3387;1;97;3;3; ;3;Terapian. Pitkä aikaisen;1;2;4;1;4;3;5;0;0;1;0;0;0;0;0;0;0;,6792
3387;1;98;1;2; ;5;Keskusteluapua;1;3;7;7;1;5;4;0;1;0;0;0;0;0;0;0;0;,9503
3387;1;99;8;4; ;4;Helposti lähestyttävää ja saatavilla olevaa;1;1;7;3;4;1;1;0;1;0;0;0;0;0;0;0;0;1,3425
3387;1;100;4;5; ; ; ;1;1;6;7;11;5;8;1;0;0;0;0;0;0;0;0;0;1,5668
3387;1;101;3;2; ;4;en osaa sanoa;2;3;8;7;4;1;1;0;0;1;0;0;0;0;0;0;0;1,044
3387;1;102;0;1;2; ; ;1;3;4;9;6;7;12;0;0;0;1;1;0;0;0;0;0;,9693
3387;1;103;10;4; ;2;Enemmän konkreettista tukea päästä elämässä eteenpäin ja muuttaa tilanne;1;1;1;7;1;5;3;0;1;0;0;0;0;0;0;0;0;1,3469
3387;1;104;7;2; ;2;Kukaan ei tiennyt itsemurha-aikeistani, joten ulkopuolista apua en olisi siinä mielessä voinut saada. Syömishäiriöterapeuttini toi kuitenkin elämäniloa takaisin pikkuhiljaa. Olisin kuitenkin mahdollisesti kaivannut apua/kaipaan edelleen apua, jota toivoisin saavani esim. tv-ohjelmien/artikkeleiden/läheisten ystävien kanssa käytävien keskustelujen myötä. Koen hankalaksi soittaa tuntemattomalle tai käydä terapiassa palkkatilanteen takia (minulla on pieni palkka, josta en mielellään ota rahaa panostaakseni omaan hyvinvointiini).;1;2;8;1;11;1;1;0;0;1;0;0;0;0;0;0;0;1,0215
3387;1;105;0;1;3; ; ;1;3;8;3;9;6;10;0;0;0;1;0;0;0;0;0;0;,6705
3387;1;106;4;1;2; ; ;1;2;7;1;3;5;6;0;0;1;0;0;0;0;0;0;0;,8164
3387;1;107;2;1;2; ; ;2;1;6;1;11;5;10;1;0;0;0;0;0;0;0;0;0;,7814
3387;1;108;7;4; ;2;Omien vanhempien tuki;1;1;4;10;11;5;11;0;0;1;0;0;0;0;0;0;0;1,0132
3387;1;109;10;3; ;2;Nopeampaa pääsyä psykiatrisen hoidon piiriin;2;3;7;1;5;3;5;0;0;1;0;0;0;0;0;0;0;,6942
3387;1;110;6;1;2; ; ;1;1;6;7;2;3;5;0;1;0;0;0;0;0;0;0;0;,8926
3387;1;111;0;1;2; ; ;1;1;6;9;2;1;1;0;0;0;1;0;0;0;0;0;0;1,3425
3387;1;112;0;1;1; ; ;1;1;6;7;3;2;1;0;1;0;0;0;0;0;0;0;0;1,373
3387;1;113;3;2; ;1;En osaa sanoa;1;2;6;7;11;5;1;0;0;1;0;0;0;0;0;0;0;,8066
3387;1;114;0;1;1; ; ;1;1;6;7;2;3;5;0;1;0;0;0;0;0;0;0;0;,8926
3387;1;115;0;2; ;2;Päivystyksen jälkeen en päässyt edes osastolle, koska ei ollut paikkoja ja ”hoito” jäi siihen, että suositeltiin ketjutupakoinnin jatkamista jos se helpottaa oloa, joten aika paljon saisi muuttua hoito.;1;3;4;7;3;5;10;0;0;1;0;0;0;0;0;0;0;,5817
3387;1;116;0;1;1; ; ;1;3;6;10;11;1;1;0;0;1;0;0;0;0;0;0;0;1,0215
3387;1;117;0;1;1; ; ;1;3;7;4;8;2;1;0;0;0;1;1;0;0;0;0;0;1,0448
3387;1;118;0;1;2; ; ;1;4;8;5;4;5;12;0;0;1;0;0;0;0;0;0;0;,8995
3387;1;119;7;3; ;1;Mahdollisuutta terapiaan. Keskustelua ammattilaisen kanssa.;1;3;4;9;3;3;5;0;0;0;1;1;0;0;0;0;0;,6792
3387;1;120;10;4; ;2;Erilaista suhtautumista psykpolilla [kaupunginosassa]. Psykiatri tuskin korvaa lotkautti itsemurhakirjeille, suunnitelmille ja aikeille, sanoi vain tylysti tämän olevan lopetusjakso, kaikki on kokeiltu, minua on hoidettu niin kauan. Epätoivoinen olo jäi.;1;2;6;7;2;1;1;0;0;1;0;0;0;0;0;0;0;1,0215
3387;1;121;0;1;2; ; ;1;1;8;1;3;1;1;0;1;0;0;0;0;0;0;0;0;1,3425
3387;1;122;2;1;2; ; ;1;1;6;7;1;4;2;0;1;0;0;0;0;0;0;0;0;,9608
3387;1;123;3;3; ;2;Kognitiivista psykoterapuaa;1;1;6;7;1;3;5;0;1;0;0;0;0;0;0;0;0;,8926
3387;1;124;4;1;2; ; ;2;3;5;1;4;5;1;0;1;0;0;0;0;0;0;0;0;,8245
3387;1;125;1;1;1; ; ;1;3;8;5;11;1;1;0;0;1;0;0;0;0;0;0;0;1,0215
3387;1;126;4;1;1; ; ;2;2;8;2;5;3;5;0;1;0;0;0;0;0;0;0;0;,6942
3387;1;127;4;5; ; ; ;1;3;6;1;9;6;5;0;0;0;1;0;0;0;0;0;0;1,006
3387;1;128;9;1;1; ; ;2;3;7;1;3;5;14;0;0;0;0;0;0;0;0;0;1;1,6845
3387;1;129;0;1;2; ; ;2;2;6;1;8;2;1;0;0;0;1;0;0;0;0;0;0;1,0678
3387;1;130;7;1;1; ; ;1;1;6;7;2;4;2;0;1;0;0;0;0;0;0;0;0;,9608
3387;1;131;5;2; ;2;Enemmän ymmärrystä ja panostusta mielenterveyteen, helpompia väyliä olla yhteydessä johonkin luotettavaan tukihenkilöön;1;2;6;7;4;5;6;0;0;1;0;0;0;0;0;0;0;,8164
3387;1;132;7;4; ;4;Terapiaa;1;2;8;1;3;1;1;0;1;0;0;0;0;0;0;0;0;1,0215
3387;1;133;3;1;1; ; ;2;2;8;7;5;2;1;0;0;0;0;0;0;0;0;0;1;1,0678
3387;1;134;1;1;2; ; ;2;3;7;2;4;1;1;0;1;0;0;0;0;0;0;0;0;1,044
3387;1;135;2;1;2; ; ;1;3;6;11;11;1;1;0;0;0;0;1;0;0;0;0;0;1,0215
3387;1;136;2;5; ; ; ;2;3;4;1;2;5;10;0;1;0;0;0;0;0;0;0;0;,5946
3387;1;137;0;1;2; ; ;1;1;4;10;11;6;4;1;0;0;0;0;0;0;0;0;0;1,4395
3387;1;138;4;1;2; ; ;1;1;7;3;6;5;7;0;0;1;0;0;0;0;0;0;0;1,1913
3387;1;139;10;4; ;2;Keskustelu;1;2;4;7;1;1;1;1;0;0;0;0;0;0;0;0;0;1,0215
3387;1;140;8;4; ;4;En osaa sanoa;1;2;4;1;3;5;15;0;1;0;0;0;0;0;0;0;0;,6368
3387;1;141;2;2; ;2;Että joku olisi ottaneet vakavasti eikä pistänyt nuoruuden piikkiin;1;3;6;4;7;6;2;0;0;0;1;0;0;0;0;0;0;1,0092
3387;1;142;0;1;1; ; ;1;2;6;1;6;4;2;0;0;1;0;0;0;0;0;0;0;,7311
3387;1;143;7;3; ;2;Psykoterapia, ei pelkkiä lääkkeitä.;1;2;6;7;2;5;6;0;0;1;0;0;0;0;0;0;0;,8164
3387;1;144;2;1;2; ; ;1;2;7;1;4;3;5;0;0;1;0;0;0;0;0;0;0;,6792
3387;1;145;7;4; ;3;"Kriisipuhelimessa ei ilmeisesti ole tarpeeksi henkilökuntaa, eivät pysty vastaamaan. Itsemurhien ehkäisykeskuksen numeroon soittaessa puhelu meni vastaajan, jossa ilmoitettiin etteivät he ota uusia asiakkaita sillä hetkellä. YTHS:n tai terveysaseman kautta taas menee ikuisuus saada aika psykiatrille ja psykiatrilla taas kestää saada terapia B-lausunto KELAlle, jolla sitten menee ikuisuus hyväksyä terapiahakemus, jos edes hyväksyvät. Psykiatrit lääkitsee mielummin tyhmäksi ja tuntuu, ettei kukaan oikeasti osaa/pysty auttamaan. Nykyinen systeemi ei toimi. Kriisipuhelin ja itsemurhien ehkäisykeskus tarvitsevat lisää henkilökuntaa, että pystyisivät edes yrittää auttaa. Itsemurhien ehkäisykeskuksessa ei todellakaan saisi olla automaattista vastaajaa kertomassa, ettei ole tilaa; mielestäni erittäin vastuutonta toimintaa, olisi edes oikea ihminen kertomassa sen. Yleisemmällä tasolla uskon, että keskuteluapu olisi paras tuki vakavasti itsemurhaa miettiville, psykiatrien ei pitäisi määrätä niin paljon lääkkeitä, terapian saamisen tulisi olla helpompaa ja tarvitaan myös lisää tutkimusta toimivista psyk. häiriöiden hoitamiskeinoista.";1;2;6;7;2;1;1;0;1;0;0;0;0;0;0;0;0;1,0215
3387;1;146;2;1;1; ; ;1;1;6;7;1;2;1;0;1;0;0;0;0;0;0;0;0;1,373
3387;1;147;4;3; ;3;En osaa sanoa;1;1;1;1;4;4;3;0;0;0;0;0;1;0;0;0;0;1,1246
3387;1;148;9;4; ;2;Selkeyttä minne mennä. Apua alan ammattilaisilta, ei vain perus terveydenhuollosta jossa henkilökunnalla ei selkeästikkään ole osaamista ja/tai kokemusta. Terapiatakuu. Psykiatrisen puolen jonojen lyheneminen. Toivoisin, että pääsy psykiatriselle olisi helpompaa, ilman että tarvitsee käydä siellä perusterveydenhuollon lääkärille puhumassa. Lääkkeistä, niiden sivu- JA LOPETUSOIREISTA kerrottaisiin selkeästi. Potilasta kuunnellaan, annetaan oikea diagnoosi, mahdollista sairaslomaa, ja uskotaan mitä potilas sanoo.;1;1;6;7;1;3;5;0;0;1;0;0;0;0;0;0;0;,8926
3387;1;149;0;1;2; ; ;1;3;4;9;6;6;1;0;0;0;1;0;0;0;0;0;0;,9297
3387;1;150;0;1;2; ; ;1;3;8;3;5;1;1;0;0;1;0;0;0;0;0;0;0;1,0215
3387;1;151;0;1;1; ; ;1;1;6;7;11;3;5;0;0;1;0;0;0;0;0;0;0;,8926
3387;1;152;9;4; ;4;Ei tässä Eu:n persereiässä kukaan saa apua, vain maahanmuuttajista välitetään;2;3;4;1;2;1;1;0;1;0;0;0;0;0;0;0;0;1,044
3387;1;153;3;1;2; ; ;1;3;7;1;11;3;5;0;1;0;0;0;0;0;0;0;0;,6792
3387;1;154;2;2; ;4;En usko että ulkoinen apu olisi vaikuttanut asiaan. Kyseessä oli sisäinen kamppailu mikä piti käydä läpi. Selvisin siitä, mutta toisinkin olisi voinut käydä - olen toki tyytyväinen että kävi näin mutta jos olisi käynyt toisin, kai se olisi ollut sitten siinä vaiheessa järjellisin ratkaisu.;2;3;7;7;11;6;1;0;1;0;0;0;0;0;0;0;0;,9503
3387;1;155;8;3; ;2;Hyväksyntää kielteiste, piilottelevien ja leimaavien asenteiden sijaan.;1;3;8;5;1;5;2;0;0;0;0;0;0;0;0;0;1;,8756
3387;1;156;0;1;2; ; ;1;3;7;1;9;5;1;0;0;0;1;1;0;0;0;0;0;,8066
3387;1;157;10;4; ;3;Että kunnallinen terveydenhuolto toimisi paremmin ja terapiaan ohjattaisiin lääkkeiden antamisen sijasta;2;3;7;3;9;1;1;0;0;1;0;0;0;0;0;0;0;1,044
3387;1;158;0;2; ;1;Psykologin tai psykoterapeutin apua, keskusteluapua;1;2;7;7;5;5;12;0;0;1;0;0;0;0;0;0;0;,8325
3387;1;159;0;1;1; ; ;2;2;8;7;3;3;5;0;1;0;0;0;0;0;0;0;0;,6942
3387;1;160;3;1;2; ; ;2;3;7;1;5;5;12;0;0;1;0;0;0;0;0;0;0;,8509
3387;1;161;1;1;1; ; ;1;1;7;1;6;5;3;0;0;1;0;0;0;0;0;0;0;1,3469
3387;1;162;1;2; ;4;Jolleekkin neutraalille osapuolelle puhuminen kuten psykiatrille, sosiaalikuraattorille tai jolleekin muulle sellaiselle oli voinut auttaa huomattavasti.;2;2;4;10;2;1;1;0;1;0;0;0;0;0;0;0;0;1,044
3387;1;163;2;1;2; ; ;2;3;4;1;4;3;5;0;1;0;0;0;0;0;0;0;0;,6942
3387;1;164;6;1;2; ; ;2;3;7;2;4;3;5;0;1;0;0;0;0;0;0;0;0;,6942
3387;1;165;6;5; ; ; ;1;1;8;1;1;5;16;0;1;0;0;0;0;0;0;0;0;1,1848
3387;1;166;1;1;2; ; ;1;1;6;1;11;1;1;0;0;1;0;0;0;0;0;0;0;1,3425
3387;1;167;11;1;2; ; ;1;1;6;7;1;5;10;0;1;0;0;0;0;0;0;0;0;,7645
3387;1;168;2;1;2; ; ;1;2;8;1;3;1;1;0;1;0;0;0;0;0;0;0;0;1,0215
3387;1;169;6;5; ; ; ;1;1;6;7;11;5;11;0;1;0;0;0;0;0;0;0;0;1,0132
3387;1;170;7;1;1; ; ;1;2;6;7;1;6;1;0;1;0;0;0;0;0;0;0;0;,9297
3387;1;171;1;1;1; ; ;1;2;4;1;3;6;2;0;1;0;0;0;0;0;0;0;0;1,0092
3387;1;172;0;1;1; ; ;2;3;6;1;9;6;18;0;0;0;1;0;0;0;0;0;0;,7347
3387;1;173;2;1;2; ; ;1;3;8;3;11;1;1;0;0;1;0;0;0;0;0;0;0;1,0215
3387;1;174;2;1;1; ; ;1;1;6;7;1;1;1;0;1;0;0;0;0;0;0;0;0;1,3425
3387;1;175;1;1;2; ; ;1;3;8;1;5;1;1;0;0;0;1;0;0;0;0;0;0;1,0215
3387;1;176;3;1;1; ; ;2;3;7;3;5;7;17;0;1;0;0;0;0;0;0;0;0;,8534
3387;1;177;1;1;2; ; ;2;3;8;3;8;7;1;0;0;0;1;0;0;0;0;0;0;,9599
3387;1;178;0;1;2; ; ;1;2;7;2;6;6;5;0;0;0;1;0;0;0;0;0;0;1,006
3387;1;179;6;1;2; ; ;1;3;1;8;5;6;8;0;0;1;0;0;0;0;0;0;0;1,3741
3387;1;180;1;1;2; ; ;1;3;7;1;6;3;5;0;0;0;1;0;0;0;0;0;0;,6792
3387;1;181;5;4; ;2;intensiivinen keskustelutuki ja lääkitys, kognitiivinen tuki oman toiminnan muuttamiseen;1;2;7;1;3;1;1;0;1;0;0;0;0;0;0;0;0;1,0215
3387;1;182;4;1;1; ; ;1;2;7;2;7;2;1;0;0;1;0;0;0;0;0;0;0;1,0448
3387;1;183;7;4; ;4;En halua apua.;1;3;6;2;5;6;1;0;1;0;0;0;0;0;0;0;0;,9297
3387;1;184;5;1;2; ; ;1;4;6;1;3;1;1;0;1;0;0;0;0;0;0;0;0;1,1037
3387;1;185;0;1;2; ; ;1;1;6;7;11;1;1;0;1;0;0;0;0;0;0;0;0;1,3425
3387;1;186;1;5; ; ; ;1;1;6;1;11;3;5;0;0;1;0;0;0;0;0;0;0;,8926
3387;1;187;3;1;2; ; ;2;1;6;7;11;2;1;1;0;0;0;0;0;0;0;0;0;1,4034
3387;1;188;1;1;2; ; ;1;1;6;7;11;7;1;1;0;0;0;0;0;0;0;0;0;1,2342
3387;1;189;0;1;2; ; ;1;2;7;9;8;7;10;0;0;0;1;0;0;0;0;0;0;,6773
3387;1;190;4;1;2; ; ;2;2;4;10;4;5;3;0;1;0;0;0;0;0;0;0;0;1,0475
3387;1;191;8;4; ;1;tällä hetkellä lääkinnällinen apu on paras apu muiden muotojen lisäksi;2;3;2;11;1;5;10;0;1;0;0;0;0;0;0;0;0;,5946
3387;1;192;1;2; ;4;En mitään.;1;4;1;1;3;3;5;0;0;0;0;0;0;0;0;1;0;,7339
3387;1;193;4;1;1; ; ;2;2;7;7;11;3;5;0;0;0;0;0;0;0;0;0;1;,6942
3387;1;194;0;1;2; ; ;1;1;8;7;2;4;2;0;1;0;0;0;0;0;0;0;0;,9608
3387;1;195;6;4; ;4;Nopeasti saatavilla olevaa keskusteluapua;1;1;6;1;2;2;1;0;1;0;0;0;0;0;0;0;0;1,373
3387;1;196;11;5; ; ; ;1;1;1;7;11;6;1;1;0;0;0;0;0;0;0;0;0;1,2219
3387;1;197;0;1;2; ; ;1;1;6;7;1;6;3;0;0;1;0;0;0;0;0;0;0;1,5524
3387;1;198;1;3; ;2;Konkreettisia ratkaisuja ahdistusta aiheuttavien ongelmien ratkomiseen.;1;2;8;1;5;7;12;0;1;0;0;0;0;0;0;0;0;,9693
3387;1;199;0;1;1; ; ;1;1;6;7;1;4;2;0;0;0;0;0;0;0;0;0;1;,9608
3387;1;200;1;3; ;2;Keskusteluapua keskenmenon jälkeen;1;3;7;9;5;7;9;0;0;0;1;1;0;0;0;0;0;1,1182
3387;1;201;3;4; ;4;Olen älykäs ihminen, enkä tarvitse itseni tappamiseen apua. Osaan sen varmasti hyvin itse.;2;2;6;1;3;6;9;0;1;0;0;0;0;0;0;0;0;1,1315
3387;1;202;5;2; ;4;viinaa;2;3;4;10;1;7;11;0;1;0;0;0;0;0;0;0;0;,9174
3387;1;203;2;3; ;2;Helpompaa yhteydenottoa!!;1;1;6;1;2;5;6;0;1;0;0;0;0;0;0;0;0;1,0729
3387;1;204;5;4; ;2;Henkilön joka olisi kertonut miten tätä elämää jaksaa;2;2;4;1;7;7;6;0;0;0;0;0;0;0;0;0;1;,9714
3387;1;205;2;5; ; ; ;2;3;7;2;5;7;4;0;0;0;1;0;0;0;0;0;0;1,1308
3387;1;206;1;1;2; ; ;1;3;7;7;6;7;10;0;0;0;1;0;0;0;0;0;0;,6773
3387;1;207;1;1;1; ; ;2;3;4;5;4;5;10;0;0;0;1;0;0;0;0;0;0;,5946
3387;1;208;2;2; ;4;Jonkun jonka kanssa puhua;1;3;8;2;7;6;4;0;0;0;1;0;0;0;0;0;0;1,0953
3387;1;209;5;1;2; ; ;2;2;6;7;3;2;1;0;1;0;0;0;0;0;0;0;0;1,0678
3387;1;210;0;1;1; ; ;2;1;4;1;5;5;7;0;0;0;1;0;0;0;0;0;0;1,2176
3387;1;211;2;4; ;4;Parempaa lääkitystä ja terapiaa.;2;1;6;7;8;3;5;0;0;1;0;0;0;0;0;0;0;,9124
3387;1;212;8;4; ;1;Kuuntelijaa ja ymmärrystä.;2;2;4;10;1;7;5;0;1;0;0;0;0;0;0;0;0;1,0386
3387;1;213;3;1;2; ; ;2;2;8;5;10;6;2;0;0;0;1;0;0;0;0;0;0;1,0315
3387;1;214;6;3; ;1;Apua mieltä painavien asioiden selvittämiseksi.;2;3;8;3;4;5;10;0;1;0;0;0;0;0;0;0;0;,5946
3387;1;215;8;3; ;2;Enemmän henkilökohtaisia tapaamisia, vähemmän lääkityksen kanssa säätöä;2;4;4;10;11;5;11;0;1;0;0;0;0;0;0;0;0;,8514
3387;1;216;4;2; ;4;En hakenut apua.;2;2;7;7;11;5;12;0;1;0;0;0;0;0;0;0;0;,8509
3387;1;217;6;1;1; ; ;2;3;4;1;6;6;7;0;1;0;0;0;0;0;0;0;0;1,0679
3387;1;218;0;1;2; ; ;2;1;4;1;11;6;1;1;0;0;0;0;0;0;0;0;0;1,2489
3387;1;219;6;5; ; ; ;1;1;6;7;8;2;1;1;0;0;0;0;0;0;0;0;0;1,373
3387;1;220;0;1;1; ; ;2;3;4;1;5;6;1;0;0;0;1;0;0;0;0;0;0;,9503
3387;1;221;1;1;3; ; ;2;3;7;5;2;6;10;0;1;0;0;0;0;0;0;0;0;,6853
3387;1;222;2;5; ; ; ;1;1;4;10;2;5;13;0;0;1;0;0;0;0;0;0;0;1,2693
3387;1;223;0;1;1; ; ;2;3;6;2;9;7;13;0;0;1;0;0;0;0;0;0;0;1,1493
3387;1;224;0;1;1; ; ;1;1;4;1;11;5;1;1;0;0;0;0;0;0;0;0;0;1,0601
3387;1;225;5;2; ;4;Sain ystäviltäni riittävää tukea asian suhteen.;1;2;7;1;6;7;13;0;0;1;0;0;0;0;0;0;0;1,1244
3387;1;226;3;1;1; ; ;1;3;8;1;7;7;1;0;0;0;1;0;0;0;0;0;0;,9391
3387;1;227;6;3; ;4;En osaa sanoa;1;1;6;7;2;3;5;0;1;0;0;0;0;0;0;0;0;,8926
3387;1;228;3;1;1; ; ;1;1;6;7;2;5;16;0;1;0;0;0;0;0;0;0;0;1,1848
3387;1;229;8;3; ;1;En osaa sanoa;1;2;1;11;1;5;7;0;1;0;0;0;0;0;0;0;0;,9065
3387;1;230;7;5; ; ; ;1;1;6;7;2;7;13;0;0;1;0;0;0;0;0;0;0;1,4778
3387;1;231;11;1;2; ; ;1;4;6;1;11;3;5;0;1;0;0;0;0;0;0;0;0;,7339
3387;1;232;8;4; ;4;En osaa sanoa;1;1;4;10;11;6;2;1;0;0;0;0;0;0;0;0;0;1,3263
3387;1;233;3;1;3; ; ;1;1;6;1;11;6;10;1;0;0;0;0;0;0;0;0;0;,8812
3387;1;234;0;1;2; ; ;1;4;7;1;5;7;10;0;0;0;1;0;0;0;0;0;0;,7318
3387;1;235;2;2; ;4;Pillua jos olisi tuolloin saanut niin olisi varmasti helpottanut;2;3;4;1;6;5;10;0;0;1;0;0;0;0;0;0;0;,5946
3387;1;236;4;1;3; ; ;2;1;6;7;1;5;10;0;1;0;0;0;0;0;0;0;0;,7814
3387;1;237;0;1;2; ; ;1;3;4;1;6;7;10;0;0;1;0;0;0;0;0;0;0;,6773
3387;1;238;0;1;1; ; ;2;2;7;1;7;5;10;0;0;1;0;0;0;0;0;0;0;,5946
3387;1;239;7;5; ; ; ;2;3;8;1;4;3;5;0;1;0;0;0;0;0;0;0;0;,6942
3387;1;240;3;1;1; ; ;1;3;7;1;4;5;9;0;1;0;0;0;0;0;0;0;0;,9604
3387;1;241;0;2; ;2;Tukea ja valistusta myös läheisille;1;3;6;9;7;7;4;0;0;0;1;0;0;0;0;0;0;1,1064
3387;1;242;8;4; ;1;Ymmärtäväistä, vastaanottavaista ja kuuntelevaa apua, keinoja joilla päästä oikeasti ja konkreettisesti elämässä eteenpäin uuteen suuntaan;1;1;6;1;8;1;1;1;0;0;0;0;0;0;0;0;0;1,3425
3387;1;243;0;1;2; ; ;2;3;7;1;3;5;10;0;0;0;0;1;0;0;0;0;0;,5946
3387;1;244;3;1;3; ; ;2;2;4;1;6;5;10;0;0;0;1;0;0;0;0;0;0;,5946
3387;1;245;6;5; ; ; ;2;3;4;10;2;5;10;0;1;0;0;0;0;0;0;0;0;,5946
3387;1;246;6;5; ; ; ;1;1;4;1;11;6;16;1;0;0;0;0;0;0;0;0;0;1,3656
3387;1;247;0;1;2; ; ;1;1;6;10;11;6;16;1;0;0;0;0;0;0;0;0;0;1,3656
3387;1;248;0;1;2; ; ;1;1;6;7;1;3;5;0;1;0;0;0;0;0;0;0;0;,8926
3387;1;249;0;1;1; ; ;1;1;4;2;6;1;1;0;0;0;1;0;0;0;0;0;0;1,3425
3387;1;250;7;3; ;3;Muutaki kuin masennus-/unilääkkeitä.;2;2;4;1;2;5;13;0;1;0;0;0;0;0;0;0;0;,9872
3387;1;251;4;2; ;4;Matalan kynnyksen palvelua;2;3;4;1;2;6;11;0;1;0;0;0;0;0;0;0;0;,9082
3387;1;252;5;5; ; ; ;2;2;6;1;2;2;1;0;1;0;0;0;0;0;0;0;0;1,0678
3387;1;253;11;1;1; ; ;2;3;7;3;7;2;1;0;0;0;1;1;0;0;0;0;0;1,0678
3387;1;254;8;5; ; ; ;2;2;7;7;1;5;6;0;1;0;0;0;0;0;0;0;0;,8344
3387;1;255;7;1;1; ; ;2;3;4;1;3;6;9;0;0;0;0;1;0;0;0;0;0;1,1315
3387;1;256;6;2; ;2;Enemmän terapiaa;2;3;4;1;5;5;16;0;0;1;0;0;0;0;0;0;0;,9214
3387;1;257;11;1;1; ; ;1;4;8;3;11;2;1;0;0;1;0;0;0;0;0;0;0;1,1288
3387;1;258;3;1;2; ; ;2;3;8;2;6;6;6;0;0;1;0;0;0;0;0;0;0;,9617
3387;1;259;0;1;3; ; ;2;1;6;1;11;2;1;0;1;0;0;0;0;0;0;0;0;1,4034
3387;1;260;0;1;1; ; ;2;3;4;10;3;6;7;0;1;0;0;0;0;0;0;0;0;1,0679
3387;1;261;9;1;1; ; ;2;1;8;7;6;2;1;1;0;0;0;0;0;0;0;0;0;1,4034
3387;1;262;7;5; ; ; ;1;3;7;1;3;5;13;0;0;0;0;0;0;0;0;1;0;,9658
3387;1;263;3;1;1; ; ;1;1;6;1;3;6;1;0;0;1;0;0;0;0;0;0;0;1,2219
3387;1;264;5;5; ; ; ;2;4;4;1;11;5;9;0;0;0;1;0;0;0;0;0;0;1,0606
3387;1;265;3;1;1; ; ;1;1;4;7;2;4;2;0;0;1;0;0;0;0;0;0;0;,9608
3387;1;266;11;5; ; ; ;2;6;9;11;11;5;16;0;0;0;0;0;0;0;0;0;1;,9392
3387;1;267;2;1;1; ; ;2;9;8;3;6;5;14;0;0;1;0;0;0;0;0;0;0;1,7217
3387;1;268;2;1;1; ; ;2;7;5;2;7;5;13;0;0;0;0;1;0;0;0;0;0;1,0062
3387;1;269;1;1;1; ; ;2;9;5;8;7;5;18;0;0;0;0;0;0;1;0;0;0;,6515
3387;1;270;7;1;2; ; ;2;4;7;1;3;6;13;0;1;0;0;0;0;0;0;0;0;1,2294
3387;1;271;2;1;1; ; ;2;6;7;2;11;6;5;0;0;0;0;1;0;0;0;0;0;1,048
3387;1;272;2;4; ;1;kyl mää apua saan koko ajan. josko nyt sais asua rauhassa niin mieli paranee koko ajan. Helvetilliset edelliset vuokraisännät(vanhat vitun räkänokat) meinas päättää puolison ja minun elämän.;2;7;4;11;1;5;3;0;0;1;0;0;0;0;0;0;0;1,0677
3387;1;273;9;1;1; ; ;2;10;5;8;4;7;16;0;0;0;0;0;0;0;1;0;0;1,1427
3387;1;274;0;1;2; ; ;2;7;1;1;5;4;2;0;1;0;0;0;0;0;0;0;0;,7616
3387;1;275;2;1;1; ; ;2;4;8;3;9;2;1;0;0;0;1;0;0;0;0;0;0;1,1538
3387;1;276;7;2; ;1;Helppoa ottaa yhteys jonnekin josta ohjataan eteenpäin. Apua saatava heti;1;9;6;10;2;5;10;0;1;0;0;0;0;0;0;0;0;,5946
3387;1;277;7;4; ;4;Parempi terveys;2;11;5;8;3;3;5;0;0;0;0;0;0;0;1;0;0;,7395
3387;1;278;5;1;2; ; ;1;9;7;2;5;6;11;0;0;0;0;0;0;1;0;0;0;,9082
3387;1;279;6;5; ;4;En osaa sanoa;2;8;5;10;2;5;4;0;1;0;0;0;0;0;0;0;0;,9928
3387;1;280;1;1;1; ; ;1;7;5;2;7;6;1;0;0;0;0;0;0;1;0;0;0;,9476
3387;1;281;0;1;1; ; ;2;9;6;8;11;1;1;0;0;0;0;0;0;1;0;0;0;1,0671
3387;1;282;3;5; ; ; ;2;12;5;8;3;5;12;0;0;0;0;0;0;0;1;0;0;,9064
3387;1;283;3;1;1; ; ;2;7;7;3;10;2;1;0;0;0;0;0;0;1;0;0;0;1,0884
3387;1;284;0;1;1; ; ;2;9;7;8;4;7;6;0;0;1;0;0;0;0;0;0;0;,9929
3387;1;285;0;1;2; ; ;1;10;5;8;3;2;1;0;1;0;0;0;0;0;0;0;0;1,1129
3387;1;286;8;1;2; ; ;1;8;5;10;3;2;1;0;0;0;0;0;1;0;0;0;0;1,0678
3387;1;287;4;1;1; ; ;1;6;4;1;11;6;5;0;0;0;0;1;0;0;0;0;0;1,0253
3387;1;288;5;5; ; ; ;1;9;4;8;2;7;17;0;0;0;0;0;0;0;1;0;0;,8534
3387;1;289;2;1;2; ; ;2;10;8;8;6;5;16;0;0;0;0;0;0;0;1;0;0;,9815
3387;1;290;1;1;2; ; ;1;6;6;1;4;6;2;0;1;0;0;0;0;0;0;0;0;1,0286
3387;1;291;0;1;1; ; ;2;5;7;4;10;1;1;0;0;1;0;0;0;0;0;0;0;1,1281
3387;1;292;2;1;2; ; ;2;11;8;8;4;5;16;0;0;0;0;0;0;0;1;0;0;,9815
3387;1;293;1;1;2; ; ;2;11;6;8;4;6;17;0;0;0;0;0;0;0;0;0;1;,9
3387;1;294;1;1;2; ; ;2;11;4;8;4;5;8;0;0;0;0;0;0;1;0;0;0;1,298
3387;1;295;3;1;1; ; ;2;8;7;10;2;7;16;0;1;0;0;0;0;0;0;0;0;1,0964
3387;1;296;8;2; ;2;Jatkohoito intensiivisempi ja pidempi.;2;5;6;10;11;5;7;0;0;0;0;1;0;0;0;0;0;1,001
3387;1;297;4;2; ;4;Keskusteluapua. Kuuntelijaa.;1;6;5;2;7;3;5;0;0;0;0;1;0;0;0;0;0;,6923
3387;1;298;2;1;1; ; ;1;11;8;8;5;1;1;0;0;0;0;0;0;0;1;0;0;1,0881
3387;1;299;0;1;1; ; ;2;11;1;8;4;6;5;0;0;0;0;0;0;0;1;0;0;1,0953
3387;1;300;8;4; ;2;En tiedä mitä apua hakisin ja ainakun haen saan lääkkeitä lisää. yli 20 on tullu vedettyä lääkeitä vaikken haluaisi.;2;6;7;3;9;7;1;0;0;0;0;0;1;0;0;0;0;,9784
3387;1;301;2;1;2; ; ;2;12;5;8;7;3;5;0;0;0;0;0;0;1;0;0;0;,7395
3387;1;302;3;1;1; ; ;1;10;2;2;2;7;18;0;1;0;0;0;0;0;0;0;0;,7735
3387;1;303;8;2; ;2;terapiaa;2;4;4;1;2;5;10;0;1;0;0;0;0;0;0;0;0;,6424
3387;1;304;6;1;1; ; ;1;11;4;8;2;3;5;0;1;0;0;0;0;0;0;0;0;,7235
3387;1;305;6;5; ; ; ;2;6;8;5;6;5;16;0;1;0;0;0;0;0;0;0;0;,9392
3387;1;306;2;1;1; ; ;1;9;4;8;11;6;18;0;0;0;0;0;0;0;1;0;0;,7347
3387;1;307;8;4; ;4;Haluaisin että ei leimattaisi ja tyrkytettäisi vain lääkkeitä;1;5;8;1;8;7;1;0;0;0;1;0;0;0;0;0;0;1,0147
3387;1;308;0;1;1; ; ;1;11;6;8;3;3;5;0;0;0;0;0;0;0;1;0;0;,7235
3387;1;309;7;5; ; ; ;2;5;5;2;11;6;16;0;0;0;1;1;0;0;0;0;0;1,1475
3387;1;310;8;4; ;2;puhumista;2;7;4;6;8;7;2;0;0;0;0;1;0;0;0;0;0;1,062
3387;1;311;0;1;2; ; ;2;10;8;8;4;6;15;0;0;0;0;0;0;0;1;0;0;,7991
3387;1;312;0;1;1; ; ;2;7;4;1;6;7;6;0;0;0;0;0;0;1;0;0;0;,9901
3387;1;313;3;1;2; ; ;2;11;2;8;2;7;2;0;1;0;0;0;0;0;0;0;0;1,1099
3387;1;314;0;1;2; ; ;2;9;7;2;11;1;1;0;0;0;0;0;1;0;0;0;0;1,0671
3387;1;315;1;2; ;4;En osaa sanoa;2;4;6;1;4;2;1;0;1;0;0;0;0;0;0;0;0;1,1538
3387;1;316;0;1;1; ; ;2;10;8;8;11;5;16;0;0;0;0;0;1;0;0;0;0;,9815
3387;1;317;7;5; ; ; ;2;14;8;9;10;3;5;0;0;0;0;0;1;0;0;0;0;,7395
3387;1;318;5;1;1; ; ;2;8;7;2;11;5;10;0;0;0;0;0;0;1;0;0;0;,6077
3387;1;319;6;1;1; ; ;1;7;7;1;3;6;16;0;0;0;0;0;0;0;0;1;0;1,0591
3387;1;320;1;1;1; ; ;1;7;7;2;7;6;2;0;0;0;0;1;0;0;0;0;0;1,0286
3387;1;321;6;1;2; ; ;2;12;5;8;5;7;5;0;0;0;0;0;0;0;1;0;0;1,1063
3387;1;322;1;1;1; ; ;2;8;3;1;6;5;14;0;0;0;0;0;1;1;0;0;0;1,7217
3387;1;323;0;1;2; ; ;2;9;4;1;7;5;4;0;0;1;0;0;0;0;0;0;0;,9928
3387;1;324;11;5; ; ; ;2;5;6;2;4;2;1;0;0;0;0;0;0;0;0;0;1;1,1538
3387;1;325;0;1;2; ; ;1;11;3;8;6;2;1;0;0;0;0;0;0;0;1;0;0;1,1129
3387;1;326;2;1;1; ; ;2;11;4;8;4;6;18;0;0;0;0;0;0;1;0;0;0;,7827
3387;1;327;4;1;2; ; ;2;5;8;3;10;1;1;0;0;0;0;1;0;0;0;0;0;1,1281
3387;1;328;2;5; ; ; ;1;11;5;8;4;6;18;0;0;0;0;0;0;0;1;0;0;,7657
3387;1;329;2;1;1; ; ;2;10;7;8;10;2;1;0;0;1;0;0;0;0;0;0;0;1,1375
3387;1;330;0;1;2; ; ;2;9;4;8;5;4;2;0;0;0;0;0;0;1;0;0;0;,7638
3387;1;331;0;1;2; ; ;2;9;5;10;11;5;6;0;0;1;0;0;0;0;0;0;0;,8528
3387;1;332;1;1;1; ; ;2;8;8;2;5;2;1;0;1;0;0;0;0;0;0;0;0;1,0914
3387;1;333;8;1;2; ; ;2;8;6;1;4;3;5;0;1;0;0;0;0;0;0;0;0;,7096
3387;1;334;3;4; ;4;ei tule mieleen;2;11;4;8;3;4;2;0;0;0;0;0;0;0;1;0;0;,796
3387;1;335;4;1;1; ; ;2;4;8;1;9;5;11;0;0;0;1;1;0;0;0;0;0;,8514
3387;1;336;0;1;3; ; ;2;10;6;8;7;5;16;0;0;1;0;0;0;0;0;0;0;,9815
3387;1;337;3;1;1; ; ;2;9;7;8;7;5;1;0;0;0;0;0;0;1;0;0;0;,8427
3387;1;338;1;1;1; ; ;2;6;7;3;9;6;5;0;1;0;0;0;0;0;0;0;0;1,048
3387;1;339;2;1;2; ; ;1;4;8;2;4;1;1;0;1;0;0;0;0;0;0;0;0;1,1037
3387;1;340;1;3; ;1;"Oma vaimo ei osannut auttaa asiassa ja se lähtikin vaihtoon tämän jälkeen. Kunnallinen matalankynnyksen mielenterveysklinikka auttoi ja osasi neuvoa miten pääsen ""pohjalta"" taas ylös.";2;5;6;2;6;6;1;0;0;0;1;1;0;0;0;0;0;1,0268
3387;1;341;2;5; ; ; ;2;5;7;2;8;5;13;0;0;0;0;1;0;0;0;0;0;1,0666
3387;1;342;8;1;1; ; ;2;7;8;3;7;7;1;0;0;0;0;0;0;0;0;0;1;,9784
3387;1;343;11;5; ; ; ;2;11;8;8;3;6;2;0;1;0;0;0;0;0;0;0;0;1,0988
3387;1;344;5;1;1; ; ;2;9;8;7;6;1;1;0;0;0;0;0;0;0;1;0;0;1,0671
3387;1;345;0;1;3; ; ;1;4;4;1;7;6;13;0;0;0;0;1;0;0;0;0;0;1,2028
3387;1;346;2;1;1; ; ;2;10;7;5;6;4;2;0;0;0;0;0;0;0;1;0;0;,796
3387;1;347;0;1;1; ; ;2;5;6;1;9;5;7;0;0;0;0;1;0;0;0;0;0;1,001
3387;1;348;1;1;1; ; ;1;5;7;3;6;5;10;0;0;0;0;1;0;0;0;0;0;,6285
3387;1;349;0;1;1; ; ;1;12;4;8;11;5;3;0;0;0;0;0;0;0;1;0;0;1,0917
3387;1;350;8;1;1; ; ;2;9;2;10;5;7;12;0;0;0;0;0;0;1;0;0;0;1,0126
3387;1;351;0;5; ; ; ;1;6;7;2;9;5;7;0;0;0;0;1;1;0;0;0;0;,9239
3387;1;352;10;4; ;4;En osaa sanoa;2;5;8;5;10;5;12;0;0;1;0;0;0;0;0;0;0;,9194
3387;1;353;0;1;2; ; ;1;9;8;11;11;4;2;0;0;0;0;1;0;0;0;0;0;,7472
3387;1;354;0;1;2; ; ;2;8;8;3;10;6;1;0;0;0;0;1;1;0;0;0;0;,9713
3387;1;355;1;1;1; ; ;2;10;5;8;10;6;5;0;0;0;0;0;0;1;0;0;0;1,0953
3387;1;356;0;1;2; ; ;1;10;7;8;4;7;15;0;0;0;0;0;0;0;1;0;0;,7897
3387;1;357;0;1;2; ; ;2;7;8;3;9;1;1;0;0;0;0;0;1;0;0;0;0;1,0642
3387;1;358;2;1;1; ; ;1;11;7;8;4;1;1;0;0;0;0;0;0;0;1;0;0;1,0881
3387;1;359;1;5; ; ; ;2;5;7;4;10;5;11;0;0;1;0;0;0;0;0;0;0;,8514
3387;1;360;2;1;2; ; ;2;11;5;8;4;3;5;0;0;0;0;0;0;1;0;0;0;,7395
3387;1;361;1;1;1; ; ;2;8;7;2;9;6;11;0;0;0;0;1;0;0;0;0;0;,9283
3387;1;362;0;1;1; ; ;2;7;7;2;5;5;18;0;1;0;0;0;0;0;0;0;0;,6497
3387;1;363;4;2; ;4;En osaa sanoa;2;6;4;1;7;7;8;0;0;0;0;1;0;0;0;0;0;1,4459
3387;1;364;7;3; ;4;keskutelu ja terapia;2;6;7;3;9;1;1;0;0;0;0;1;0;0;0;0;0;1,0642
3387;1;365;1;1;1; ; ;2;9;5;8;4;6;16;0;0;1;0;0;0;0;0;0;0;1,0855
3387;1;366;0;1;1; ; ;1;8;3;1;3;2;1;0;1;0;0;0;0;0;0;0;0;1,0678
3387;1;367;2;1;1; ; ;2;8;5;2;8;7;12;0;0;0;0;0;0;1;0;0;0;1,0126
3387;1;368;1;1;1; ; ;2;11;8;8;7;5;10;0;1;0;0;0;0;0;0;0;0;,6334
3387;1;369;3;5; ; ; ;2;10;5;3;3;7;4;0;0;0;0;0;0;0;1;0;0;1,2046
3387;1;370;0;1;1; ; ;2;12;8;8;9;6;1;0;0;0;0;0;0;0;1;0;0;1,0123
3387;1;371;1;1;2; ; ;2;6;7;3;10;2;1;0;0;0;0;1;0;0;0;0;0;1,0884
3387;1;372;1;1;3; ; ;1;7;8;3;11;1;1;0;0;0;0;1;0;0;0;0;0;1,0411
3387;1;373;6;1;1; ; ;2;11;7;8;6;1;1;0;0;0;0;0;0;1;0;0;0;1,1122
3387;1;374;0;1;1; ; ;2;5;6;3;6;5;6;0;0;0;0;1;0;0;0;0;0;,9015
3387;1;375;0;1;1; ; ;1;12;5;8;3;6;7;0;0;0;0;0;0;0;1;0;0;1,113
3387;1;376;5;1;2; ; ;2;11;7;8;7;5;1;0;0;0;0;0;0;1;0;0;0;,8783
3387;1;377;0;1;1; ; ;2;10;7;8;5;6;13;0;0;0;0;0;0;1;0;0;0;1,2121
3387;1;378;1;1;2; ; ;1;11;2;8;2;6;16;0;1;0;0;0;0;0;0;0;0;1,1069
3387;1;379;0;1;2; ; ;2;11;5;8;5;6;5;0;0;0;0;0;0;0;1;0;0;1,0953
3387;1;380;0;1;2; ; ;1;5;6;1;8;5;2;0;0;0;0;1;0;0;0;0;0;,946
3387;1;381;1;1;1; ; ;1;11;8;8;6;4;2;0;0;0;0;0;0;0;1;0;0;,7788
3387;1;382;0;1;1; ; ;1;7;5;1;8;6;16;0;0;0;0;0;1;0;0;0;0;1,0591
3387;1;383;1;1;2; ; ;2;12;4;8;5;2;1;0;0;1;0;0;0;0;0;0;0;1,1375
3387;1;384;2;1;3; ; ;2;9;4;8;5;6;5;0;0;0;0;0;0;1;0;0;0;1,0509
3387;1;385;8;1;1; ; ;1;8;8;10;5;5;6;0;1;0;0;0;0;0;0;0;0;,8344
3387;1;386;2;1;2; ; ;2;10;6;8;11;1;1;0;0;0;0;0;0;1;0;0;0;1,1122
3387;1;387;7;4; ;4;Ei leimaavaa apu.Käsittääkseni nykyään saa automaattisesti leiman jos hakeutuu hoitoon masennuksen takia,ainakin työelämässä;2;8;4;1;8;7;1;0;0;1;0;0;0;0;0;0;0;,9811
3387;1;388;1;1;2; ; ;2;8;4;2;7;2;1;0;0;0;0;0;0;1;0;0;0;1,0914
3387;1;389;2;1;1; ; ;2;10;8;8;10;5;7;0;0;0;0;0;0;0;1;0;0;,9869
3387;1;390;0;1;1; ; ;2;11;7;8;8;7;1;0;0;0;0;0;0;0;1;0;0;1,0225
3387;1;391;0;1;2; ; ;1;8;8;4;9;6;5;0;0;0;0;0;0;1;0;0;0;1,0282
3387;1;392;0;1;2; ; ;2;11;8;8;9;7;1;0;0;0;0;0;0;0;1;0;0;1,0225
3387;1;393;0;1;1; ; ;2;12;3;8;6;6;4;0;0;0;0;0;0;1;0;0;0;1,1926
3387;1;394;1;1;1; ; ;2;11;7;8;7;7;1;0;0;0;0;0;0;1;0;0;0;1,0225
3387;1;395;7;5; ; ; ;2;7;7;3;11;5;1;0;0;0;0;0;0;1;0;0;0;,8403
3387;1;396;0;1;1; ; ;2;8;4;4;10;2;1;0;0;0;0;0;0;1;0;0;0;1,0914
3387;1;397;0;1;2; ; ;2;8;4;1;5;6;5;0;0;0;0;1;0;0;0;0;0;1,0509
3387;1;398;2;1;1; ; ;2;10;7;8;8;5;8;0;0;0;0;0;0;0;1;0;0;1,298
3387;1;399;2;1;1; ; ;2;11;8;8;10;5;16;0;0;0;0;0;0;0;1;0;0;,9815
3387;1;400;6;1;2; ; ;2;8;5;8;10;7;18;0;0;0;0;0;0;1;0;0;0;,7585
3387;1;401;1;1;3; ; ;2;10;6;8;5;3;5;0;0;0;0;0;0;0;1;0;0;,7395
3387;1;402;0;1;1; ; ;1;11;5;8;5;6;17;0;0;0;0;0;0;0;1;0;0;,8805
3387;1;403;7;1;1; ; ;1;9;5;10;7;6;2;0;0;1;0;0;0;0;0;0;0;1,0315
3387;1;404;0;1;3; ; ;2;5;6;3;9;3;5;0;0;0;0;1;0;0;0;0;0;,7501
3387;1;405;0;1;2; ; ;2;8;5;2;7;2;1;0;1;0;0;0;0;0;0;0;0;1,0914
3387;1;406;0;1;1; ; ;2;9;3;1;7;5;18;0;0;0;0;0;0;1;0;0;0;,6515
3387;1;407;1;1;2; ; ;2;11;1;8;3;5;1;0;1;0;0;0;0;0;0;0;0;,8783
3387;1;408;0;1;2; ; ;2;9;6;5;7;6;3;0;1;0;0;0;0;0;0;0;0;1,234
3387;1;409;0;1;2; ; ;2;7;4;2;3;5;3;0;1;0;0;0;0;0;0;0;0;1,0677
3387;1;410;0;1;1; ; ;2;10;5;8;8;2;1;0;0;0;0;0;0;1;0;0;0;1,1375
3387;1;411;0;1;2; ; ;2;9;5;8;4;5;16;0;1;0;0;0;0;0;0;0;0;,9418
3387;1;412;0;1;2; ; ;1;9;8;5;11;1;1;0;0;0;0;0;0;0;0;0;1;1,0441
3387;1;413;6;1;1; ; ;1;6;6;10;7;3;5;0;0;1;0;0;0;0;0;0;0;,6923
3387;1;414;1;1;3; ; ;2;13;8;8;6;6;16;0;0;0;0;0;0;1;0;0;0;1,1313
3387;1;415;5;3; ;1;Keskustelua asiantuntijan kanssa.;2;11;5;8;6;5;7;0;0;0;0;0;0;1;0;0;0;,9869
3387;1;416;0;1;1; ; ;1;4;7;1;11;5;16;0;0;0;1;1;0;0;0;0;0;,974
3387;1;417;0;1;2; ; ;2;4;6;1;4;5;12;0;1;0;0;0;0;0;0;0;0;,9194
3387;1;418;8;1;1; ; ;2;13;4;8;11;6;6;0;0;0;0;0;0;1;0;0;0;1,0245
3387;1;419;4;5; ; ; ;2;7;8;2;2;6;10;0;1;0;0;0;0;0;0;0;0;,6985
3387;1;420;2;1;1; ; ;2;7;7;3;6;2;1;0;1;0;0;0;0;0;0;0;0;1,0884
3387;1;421;11;5; ; ; ;2;5;7;2;7;5;9;0;0;0;1;0;0;0;0;0;0;1,0606
3387;1;422;9;1;1; ; ;1;7;6;1;7;5;5;0;0;0;0;0;0;1;0;0;0;,8896
3387;1;423;1;1;2; ; ;2;4;6;2;7;6;1;0;0;1;0;0;0;0;0;0;0;1,0268
3387;1;424;0;1;1; ; ;2;9;8;8;10;5;18;0;0;1;0;0;0;0;0;0;0;,6515
3387;1;425;0;1;1; ; ;1;11;8;8;8;4;2;0;0;0;0;0;0;0;1;0;0;,7788
3387;1;426;8;1;3; ; ;2;7;8;2;6;4;2;0;1;0;0;0;0;0;0;0;0;,7616
3387;1;427;11;5; ; ; ;2;11;8;8;6;5;16;0;0;0;0;0;0;0;1;0;0;,9815
3387;1;428;2;1;1; ; ;1;6;8;4;8;7;14;0;0;0;0;0;1;1;0;0;0;1,9557
3387;1;429;7;5; ; ; ;1;5;8;1;11;1;1;0;1;0;0;0;0;0;0;0;0;1,1037
3387;1;430;2;4; ;1;Vähemmän lääkkeitä, enemmän puhetta;1;7;7;11;6;5;11;0;0;0;0;0;1;0;0;0;0;,7858
3387;1;431;0;1;2; ; ;1;10;5;8;6;7;6;0;0;0;0;0;0;0;1;0;0;1,0124
3387;1;432;5;1;1; ; ;1;5;7;1;7;5;9;0;0;0;0;1;1;0;0;0;0;1,0377
3387;1;433;1;2; ;4;Ystävien apua;1;6;7;8;11;7;11;0;0;0;0;1;0;0;0;0;0;,9148
3387;1;434;1;1;1; ; ;2;8;7;1;7;7;10;0;0;0;0;0;0;1;0;0;0;,7075
3387;1;435;7;5; ; ; ;2;5;6;3;11;6;1;0;0;0;1;0;0;0;0;0;0;1,0268
3387;1;436;0;1;1; ; ;2;8;4;1;9;6;4;0;0;0;0;0;0;1;0;0;0;1,1443
3387;1;437;1;1;2; ; ;1;9;4;1;6;7;16;0;0;0;0;0;0;1;0;0;0;1,0727
3387;1;438;0;1;2; ; ;1;6;4;1;6;5;4;0;0;0;1;1;0;0;0;0;0;,9686
3387;1;439;0;1;1; ; ;1;5;5;1;11;3;5;0;0;0;0;1;0;1;0;0;0;,7339
3387;1;440;3;1;1; ; ;2;6;3;1;8;1;1;0;0;0;0;1;0;0;0;0;0;1,0642
3387;1;441;3;2; ;4;Keskustelua elämäntilanteesta tervejärkisen ihmisen kanssa (ei tarvitse olla edes ammattilainen).;1;6;8;3;2;5;10;0;1;0;0;0;0;0;0;0;0;,5929
3387;1;442;0;1;1; ; ;1;8;7;3;11;6;18;0;0;0;0;0;0;1;0;0;0;,7347
3387;1;443;7;1;1; ; ;1;5;8;3;9;5;7;0;0;0;0;1;1;1;0;0;0;,9794
3387;1;444;2;1;1; ; ;2;8;5;3;10;6;1;0;0;0;0;0;0;1;0;0;0;,9713
3387;1;445;0;1;1; ; ;1;5;7;1;5;5;9;0;0;0;0;1;0;0;0;0;0;1,0377
3387;1;446;1;2; ;4;olisin toivonut lähipiirin tajuavan ja puuttuvan suureen taakkaani;1;8;7;6;10;7;10;0;0;0;0;1;0;0;0;0;0;,6922
3387;1;447;0;1;2; ; ;2;12;8;8;10;2;1;0;0;0;0;0;0;0;1;0;0;1,1375
3387;1;448;0;1;2; ; ;1;9;8;3;5;1;1;0;1;0;0;0;0;0;0;0;0;1,0441
3387;1;449;0;2; ;1;Terapia;1;5;7;3;10;6;4;0;0;0;1;1;0;0;0;0;0;1,1835
3387;1;450;0;1;2; ; ;2;7;6;2;6;5;9;0;1;0;0;0;0;0;0;0;0;1,0005
3387;1;451;2;1;2; ; ;1;11;5;8;11;5;6;0;0;0;0;0;0;1;0;0;0;,8696
3387;1;452;0;1;2; ; ;2;10;9;8;11;7;11;0;0;0;0;0;0;1;0;0;0;,9772
3387;1;453;0;1;2; ; ;2;8;8;5;10;1;1;0;0;0;0;0;0;1;0;0;0;1,0671
3387;1;454;8;5; ; ; ;2;4;4;10;1;5;6;0;1;0;0;0;0;0;0;0;0;,9015
3387;1;455;2;1;1; ; ;2;11;5;8;4;3;5;0;0;0;0;0;0;1;0;0;0;,7395
3387;1;456;5;5; ; ; ;1;11;8;8;6;2;1;0;0;0;0;0;0;0;1;0;0;1,1129
3387;1;457;8;4; ;2;Enemmän tukea/aikoja mielenterveysneuvolaan;1;4;6;8;4;6;16;0;0;1;0;0;0;0;0;0;0;1,1227
3387;1;458;0;1;3; ; ;1;11;8;8;6;6;2;0;0;0;0;0;0;0;1;0;0;1,0751
3387;1;459;0;1;1; ; ;2;6;4;2;9;6;10;0;0;0;0;1;0;1;0;0;0;,6985
3387;1;460;0;1;2; ; ;1;11;7;8;5;1;1;0;0;0;0;0;0;0;1;0;0;1,0881
3387;1;461;8;5; ; ; ;2;7;7;4;11;5;10;0;0;0;0;1;1;0;0;0;0;,606
3387;1;462;0;1;2; ; ;2;12;8;8;4;5;12;0;0;0;0;0;0;0;1;0;0;,9064
3387;1;463;3;1;2; ; ;1;10;4;8;4;6;12;0;0;0;0;0;0;0;1;0;0;1,0222
3387;1;464;3;5; ; ; ;2;5;5;2;5;2;1;0;1;0;0;0;0;0;0;0;0;1,1538
3387;1;465;1;1;2; ; ;2;11;7;8;10;7;16;0;0;0;0;0;0;0;1;0;0;1,1427
3387;1;466;0;1;1; ; ;2;10;8;8;9;1;1;0;0;0;0;0;0;0;1;0;0;1,1122
3387;1;467;0;1;1; ; ;1;9;8;11;7;1;1;0;1;0;0;0;0;0;0;0;0;1,0441
3387;1;468;2;1;2; ; ;2;10;8;8;7;1;1;0;0;0;0;0;1;1;0;0;0;1,1122
3387;1;469;8;1;1; ; ;2;5;4;11;1;5;12;0;1;0;0;0;0;0;0;0;0;,9194
3387;1;470;2;1;1; ; ;2;10;8;8;8;7;3;0;0;0;0;0;0;0;1;0;0;1,2991
3387;1;471;1;1;1; ; ;2;10;7;8;6;5;9;0;0;0;0;0;0;0;1;0;0;1,0457
3387;1;472;5;2; ;3;luotettava henkilö joka olisi aina saavutettavissa;2;9;7;2;1;7;14;0;0;1;0;0;0;0;0;0;0;2,0045
3387;1;473;0;1;2; ; ;2;13;7;8;9;1;1;0;0;0;0;0;0;1;0;0;0;1,1122
3387;1;474;6;1;2; ; ;2;6;7;2;7;5;13;0;0;1;0;0;0;0;0;0;0;1,0062
3387;1;475;3;1;1; ; ;2;9;6;10;5;6;15;0;0;0;0;0;1;0;0;0;0;,7668
3387;1;476;5;2; ;4;En osaa sanoa;2;5;5;1;7;1;1;0;0;1;0;0;0;0;0;0;0;1,1281
3387;1;477;0;1;1; ; ;2;10;5;8;11;6;9;0;0;0;0;0;0;0;1;0;0;1,2053
3387;1;478;7;1;1; ; ;2;5;7;3;5;5;11;0;1;0;0;0;0;0;0;0;0;,8514
3387;1;479;2;1;2; ; ;2;4;7;5;2;5;7;0;0;1;0;0;0;0;0;0;0;1,001
3387;1;480;2;1;1; ; ;2;11;9;8;5;6;10;0;0;0;0;0;0;0;1;0;0;,73
3387;1;481;2;1;2; ; ;1;6;8;2;11;2;1;0;0;0;0;1;0;0;0;0;0;1,0649
3387;1;482;1;1;3; ; ;1;5;7;3;8;5;16;0;0;0;1;1;0;0;0;0;0;,974
3387;1;483;0;1;2; ; ;2;9;8;8;3;7;11;0;0;0;0;0;0;0;1;0;0;,9376
3387;1;484;5;1;1; ; ;1;9;8;3;3;5;1;0;1;0;0;0;0;0;0;0;0;,8245
3387;1;485;2;1;2; ; ;2;9;4;8;4;5;10;0;0;0;0;0;0;1;0;0;0;,6077
3387;1;486;0;1;2; ; ;2;9;9;8;7;3;5;0;0;0;0;0;0;1;0;0;0;,7096
3387;1;487;0;1;2; ; ;2;7;8;3;9;5;11;0;0;0;0;0;1;0;0;0;0;,8031
3387;1;488;5;1;1; ; ;1;4;4;1;8;7;14;0;0;1;0;0;0;0;0;0;0;2,0731
3387;1;489;1;1;2; ; ;1;10;6;8;4;1;1;0;1;0;0;0;0;0;0;0;0;1,0881
3387;1;490;1;1;2; ; ;2;9;8;11;10;2;1;0;0;0;0;0;0;0;1;0;0;1,0914
3387;1;491;0;2; ;1;sekä ammatti- sekä vertaistukea;2;11;6;8;2;2;1;0;0;0;0;0;0;0;1;0;0;1,1375
3387;1;492;5;1;1; ; ;2;9;8;3;8;6;5;0;0;0;0;0;0;1;0;0;0;1,0509
3387;1;493;0;1;1; ; ;1;11;6;8;4;6;13;0;0;0;0;0;0;0;1;0;0;1,1859
3387;1;494;1;1;1; ; ;1;11;4;8;3;3;5;0;1;0;0;0;0;0;0;0;0;,7235
3387;1;495;9;1;1; ; ;1;7;4;5;3;5;1;0;1;0;0;0;0;0;0;0;0;,8222
3387;1;496;0;1;2; ; ;1;10;6;8;11;5;11;0;0;0;0;0;0;0;1;0;0;,8212
3387;1;497;2;1;1; ; ;1;11;6;8;11;7;13;0;0;0;0;0;0;1;0;0;0;1,1978
3387;1;498;8;1;1; ; ;2;10;8;8;11;5;6;0;0;0;0;0;0;0;1;0;0;,8888
3387;1;499;0;1;1; ; ;2;9;8;8;6;6;16;0;0;0;0;0;0;0;1;0;0;1,0855
3387;1;500;2;1;2; ; ;1;6;4;11;11;6;2;0;0;0;0;0;1;0;0;0;0;1,0286
3387;1;501;2;1;2; ; ;1;6;4;1;2;7;16;0;0;0;0;0;0;0;0;1;0;1,0698
3387;1;502;4;1;1; ; ;1;5;7;2;5;5;10;0;0;0;0;1;1;0;0;0;0;,6285
3387;1;503;1;1;2; ; ;1;10;8;8;11;3;5;0;0;0;0;0;0;0;1;0;0;,7235
3387;1;504;0;1;1; ; ;2;11;8;8;7;6;17;0;0;0;0;0;0;0;1;0;0;,9
3387;1;505;8;2; ;1;Keskusteluapua omalla paikkakunnalla;1;5;8;10;1;6;18;0;0;0;0;0;1;0;0;0;0;,7767
3387;1;506;1;1;1; ; ;1;5;6;1;9;6;13;0;0;0;0;1;0;0;0;0;0;1,2028
3387;1;507;1;1;1; ; ;1;7;8;4;10;5;12;0;0;0;0;0;1;0;0;0;0;,8486
3387;1;508;1;1;1; ; ;1;10;5;8;3;5;2;0;0;0;0;0;1;0;0;0;0;,9327
3387;1;509;1;1;2; ; ;2;10;5;8;3;6;2;0;0;0;0;0;0;0;1;0;0;1,0988
3387;1;510;5;5; ; ; ;2;7;4;8;11;6;5;0;1;0;0;0;0;0;0;0;0;1,048
3387;1;511;7;1;2; ; ;1;11;7;8;3;2;1;0;1;0;0;0;0;0;0;0;0;1,1129
3387;1;512;4;1;1; ; ;1;11;8;8;3;6;17;0;1;0;0;0;0;0;0;0;0;,8805
3387;1;513;0;1;1; ; ;1;11;7;8;11;6;5;0;0;0;0;0;0;0;1;0;0;1,0716
3387;1;514;3;1;1; ; ;2;11;5;5;7;5;16;0;0;0;0;0;0;0;1;0;0;,9815
3387;1;515;6;5; ; ; ;2;8;4;1;8;6;1;0;0;0;0;0;0;1;0;0;0;,9713
3387;1;516;2;1;1; ; ;2;8;5;2;8;7;6;0;0;0;0;0;0;1;0;0;0;,9929
3387;1;517;0;1;1; ; ;2;7;4;1;9;6;5;0;0;0;0;1;0;0;0;0;0;1,048
3387;1;518;0;1;2; ; ;2;10;8;8;10;4;2;0;0;0;0;0;0;1;0;0;0;,796
3387;1;519;0;1;3; ; ;2;10;8;8;9;7;5;0;0;0;0;0;0;1;0;0;0;1,1063
3387;1;520;0;1;2; ; ;2;10;8;8;3;1;1;0;0;1;0;0;0;0;0;0;0;1,1122
3387;1;521;0;1;2; ; ;2;10;7;8;8;7;2;0;0;0;0;0;0;1;0;0;0;1,1099
3387;1;522;0;1;2; ; ;1;11;8;8;4;5;16;0;0;0;0;0;0;0;1;0;0;,9603
3387;1;523;11;1;1; ; ;2;8;4;8;11;6;9;0;0;0;0;0;0;1;0;0;0;1,1565
3387;1;524;2;1;1; ; ;2;10;5;8;5;6;10;0;1;0;0;0;0;0;0;0;0;,73
3387;1;525;0;1;2; ; ;2;7;5;2;10;4;2;0;0;0;0;0;0;1;0;0;0;,7616
3387;1;526;2;1;1; ; ;1;10;2;8;4;7;5;0;0;0;0;0;0;0;1;0;0;1,0824
3387;1;527;0;1;2; ; ;1;10;8;8;5;6;7;0;0;0;0;0;0;0;1;0;0;1,113
3387;1;528;0;1;2; ; ;2;7;4;1;11;7;1;0;1;0;0;0;0;0;0;0;0;,9784
3387;1;529;1;1;1; ; ;1;9;8;8;3;6;5;0;1;0;0;0;0;0;0;0;0;1,0282
3387;1;530;0;1;1; ; ;1;12;8;8;10;1;1;0;0;0;0;0;0;0;1;0;0;1,0881
3387;1;531;0;1;1; ; ;2;8;7;4;7;7;1;0;0;0;0;0;0;1;0;0;0;,9811
3387;1;532;7;2; ;4;Matalaa kynnystä.;1;4;8;3;9;6;18;0;0;0;1;1;0;0;0;0;0;,7767
3387;1;533;2;1;1; ; ;1;10;8;8;11;5;8;0;0;1;0;0;0;0;0;0;0;1,27
3387;1;534;7;5; ; ; ;1;5;8;2;7;4;2;0;0;0;0;1;0;0;0;0;0;,7899
3387;1;535;1;1;1; ; ;1;9;8;3;5;6;15;0;1;0;0;0;0;0;0;0;0;,7502
3387;1;536;6;1;1; ; ;2;6;8;3;10;1;1;0;0;0;0;1;0;0;0;0;0;1,0642
3387;1;537;0;2; ;1;En osaa sanoa;1;5;4;3;6;5;13;0;0;0;0;0;0;1;0;0;0;1,0435
3387;1;538;2;1;1; ; ;1;7;4;1;6;5;14;0;0;0;0;0;0;1;0;0;0;1,6798
3387;1;539;3;1;2; ; ;1;12;7;8;4;6;5;0;0;0;0;0;0;0;1;0;0;1,0716
3387;1;540;2;5; ; ; ;2;8;8;3;5;6;7;0;1;0;0;0;0;0;0;0;0;1,0915
3387;1;541;3;1;2; ; ;2;10;5;8;11;5;16;0;0;0;0;0;0;1;0;0;0;,9815
3387;1;542;0;2; ;4;ei mitään;2;11;8;8;9;6;12;0;0;1;0;0;0;0;0;0;0;1,0448
3387;1;543;1;1;1; ; ;2;11;8;8;10;1;1;0;0;0;0;0;0;1;0;0;0;1,1122
3387;1;544;1;1;1; ; ;2;5;7;3;5;5;2;0;0;1;0;0;0;0;0;0;0;,9669
3387;1;545;0;1;1; ; ;1;8;5;1;10;6;1;0;0;0;0;0;1;0;0;0;0;,9503
3387;1;546;0;1;2; ; ;1;7;8;5;10;7;1;0;0;0;0;0;1;1;0;0;0;,9572
3387;1;547;0;1;2; ; ;1;8;7;3;11;2;1;0;0;0;0;0;0;1;0;0;0;1,0678
3387;1;548;2;5; ; ; ;1;6;7;3;9;1;1;0;0;0;0;1;0;0;0;0;0;1,0411
3387;1;549;0;1;1; ; ;1;6;7;5;6;1;1;0;1;0;0;0;0;0;0;0;0;1,0411
3387;1;550;2;2; ;1;Oikea-aikaista ja hyvin matalalla kynnyksellä olevaa palvelua. Yhden luukun periaatteella.;1;4;7;1;6;5;12;0;0;0;0;1;0;0;0;0;0;,8995
3387;1;551;9;4; ;4;En tiedä. Ehkä että joku ottais pois ja antaas jollekkin toiselle tän masennuksen;1;7;5;2;5;6;13;0;0;0;0;0;1;0;0;0;0;1,1346
3387;1;552;1;1;1; ; ;2;9;8;3;10;7;18;0;0;1;0;0;0;0;0;0;0;,7585
3387;1;553;2;1;2; ; ;1;10;4;8;2;4;2;0;1;0;0;0;0;0;0;0;0;,7788
3387;1;554;6;1;1; ;Psykiatrista tukea;1;5;6;2;4;3;5;0;0;0;0;1;0;0;0;0;0;,7339
3387;1;555;7;4; ;2; ;2;5;8;11;2;5;12;0;1;0;0;0;0;0;0;0;0;,9194
3387;1;556;3;1;1; ; ;1;4;7;2;11;6;1;0;1;0;0;0;0;0;0;0;0;1,0046
3387;1;557;6;1;3; ; ;2;7;8;3;8;1;1;0;0;0;0;1;1;0;0;0;0;1,0642
3387;1;558;0;1;1; ; ;1;7;7;3;11;6;1;0;0;0;0;0;1;1;0;0;0;,9476
3387;1;559;8;4; ;2; ;1;12;4;8;11;6;1;0;0;0;0;0;0;0;1;0;0;,9904
3387;1;560;0;3; ;4; ;1;9;5;8;6;2;1;0;0;0;0;0;0;0;1;0;0;1,0678
3387;1;561;1;2; ;4;En osaa sanoa;1;13;8;8;8;1;1;0;0;0;0;0;0;0;1;0;0;1,0881
3387;1;562;5;1;2; ; ;1;8;6;3;10;6;1;0;0;0;0;0;0;1;0;0;0;,9503
3387;1;563;6;2; ;4;rahallista apua nousta suosta;1;10;8;8;6;1;1;0;0;0;0;0;0;1;0;0;0;1,0881
3387;1;564;4;5; ; ; ;1;12;8;8;5;5;16;0;1;0;0;0;0;0;0;0;0;,9603
3387;1;565;2;1;2; ; ;1;9;5;8;3;4;2;0;0;0;0;0;0;0;1;0;0;,7472
3387;1;566;0;2; ;4; ;1;5;8;11;11;2;1;0;0;1;0;0;0;0;0;0;0;1,1288
3387;1;567;0;1;1; ; ;1;7;8;2;5;7;2;0;0;0;0;1;1;1;0;0;0;1,039
3387;1;568;0;1;1; ; ;1;10;8;8;4;6;2;0;1;0;0;0;0;0;0;0;0;1,0751
3387;1;569;6;2; ;4; ;2;4;6;1;3;6;15;0;1;0;0;0;0;0;0;0;0;,8105
3387;1;570;11;5; ; ; ;1;4;4;1;3;4;2;0;1;0;0;0;0;0;0;0;0;,7899
3387;1;571;7;1;1; ; ;1;5;8;3;5;2;1;0;1;0;0;0;0;0;0;0;0;1,1288
3387;1;572;0;5; ;4; ;1;4;6;1;11;1;1;0;0;0;0;1;0;0;0;0;0;1,1037
3387;1;573;0;1;1; ;Keskusteluyhteyttä;2;6;7;4;10;5;1;0;1;0;0;0;0;0;0;0;0;,8403
3387;1;574;0;1;1; ; ;2;7;5;10;11;7;11;0;1;0;0;0;0;0;0;0;0;,935
3387;1;575;1;5; ; ; ;2;10;5;8;11;6;16;0;0;0;0;0;0;1;0;0;0;1,1313
3387;1;576;3;1;2; ; ;1;4;8;2;2;6;2;0;0;1;0;0;0;0;0;0;0;1,0904
3387;1;577;11;5; ; ;Psykoterapia;2;11;9;8;3;7;5;0;1;0;0;0;0;0;0;0;0;1,1063
3387;1;578;5;3; ;4; ;2;13;4;8;2;7;18;0;1;0;0;0;0;0;0;0;0;,7905
3387;1;579;1;1;1; ; ;1;9;4;8;11;6;18;0;0;1;0;0;0;0;0;0;0;,7347
3387;1;580;1;1;2; ; ;2;4;4;1;4;5;16;0;1;0;0;0;0;0;0;0;0;,9956
3387;1;581;8;1;2; ;Ammattiauttajat pelästyvät ja alkavat tyrkyttää mielialalääkkeitä, jos vihjaiseekin itsetuhoisuuteen.  Kuitenkin kroppani on minun, kuten esim. abortissa ja minulla on oikeus tehdä sen kanssa miten parhaaksi näen. En pidä siitä, että minulle ensimmäiseksi tarjotaan pillereitä. Elämässä on monta sellaista tekijää, etteivät ne parane pillereillä eikä kaikki keskustelemallakaan.;1;10;4;8;2;1;1;0;0;0;0;0;0;0;1;0;0;1,0881
3387;1;582;0;1;2; ;Ohjeet helppoon tapaan tehdä itsemurha.;1;11;8;8;11;4;2;0;0;0;0;0;0;0;1;0;0;,7788
3387;1;583;1;1;2; ;Olisin tarvinnut kunnollista kivun lievitystä. Onneksi löytyi lopulta yksityinen lääkäri, joka löysi ratkaisun ja asiat etenivtä suotuisasti.;1;10;7;8;3;7;10;0;0;0;0;0;0;0;1;0;0;,7215
3387;1;584;2;2; ;4; ;1;8;5;5;9;7;3;0;0;0;1;0;0;0;0;0;0;1,2195
3387;1;585;0;1;1; ;Ymmärtävää kuuntelemista;1;11;7;8;5;6;18;0;0;0;0;0;0;0;1;0;0;,7657
3387;1;586;8;1;1; ; ;1;11;2;8;5;5;16;0;0;0;0;0;0;0;1;0;0;,9603
3387;1;587;6;1;3; ; ;1;8;7;1;11;3;5;0;0;0;0;0;0;1;0;0;0;,6942
3387;1;588;0;1;2; ;Sanon suoraan, että jos tahtoo muutakin apua kuin pillerin poskeen, niin silloin täytyy hakea sitä terveydenhuollon ulkopuolelta. Itse hain itselleni apua kirjoista, self-helpistä ja vaihtoehtoisista menetelmistä (näistä ehdottomasti paras on FasterEFT), joiden avuilla sain palautettua elämäni takaisin raiteilleen. Sen lisäksi, että sain asiat kuntoon mielessäni, minulla on nyt parhaat eväät elämään, kykenen selviytymään vaikeuksista ja osaan katsoa elämää sellaisesta näkövinkkelistä, etten ota sitä enää turhan vakavasti. Minulla on nyt kaikki hyvin, olen onnellinen ja tasapainoinen. FasterEFT on sellainen apu, jota soisin kaikille itsemurhaa miettiville, oli taustana mikä tahansa. Oli taustalla alkoholi-, huume- tai velkahelvetti, pahoinpitelyn tai seksuaalisen hyväksikäytön ja raiskausten uhriksi joutuminen. Koulukiusatuksi tuleminen. FasterEFT sopii kaikille lapsista aikuisiin ja auttaa kaikkia, uskoi siihen tai ei. Sen avulla saa selkeyden asioihin, se opettaa samalla kuinka oma mieli toimii ja sitä harjoittaessa saa myös loistavan apuvälineen tulevia koitoksia varten. Itse jatkoin FasterEFT:stä vielä matkaa eteenpäin, mutta se mitä nyt teen hyvinvointini eteen on liian edistynyttä itsemurhaa miettivälle. Heidän on parasta aloittaa FasterEFT:stä, joka tunnetaan myös nimellä Eutaptics. Sessioita saa ostettua Euroopastakin ja ne voi tehdä videopuhelun (esim. Zoomin) välityksellä. Jos haluaa lisätietoa, kannattaa katsoa Youtubesta FasterEFT:n perustajan, Robert G. Smithin tuhansia ilmaisvideoita, joissa hän jakaa tietoa täysin ilmaiseksi. Tässä linkki: https://www.youtube.com/user/HealingMagic/videos Peace!;1;10;5;8;3;5;16;0;0;0;0;0;0;0;1;0;0;,9603
3387;1;589;0;1;1; ; ;1;5;7;1;11;4;2;0;0;0;0;1;0;0;0;0;0;,7899
3387;1;590;6;5; ; ; ;2;4;7;1;11;2;1;0;1;0;0;0;0;0;0;0;0;1,1538
3387;1;591;0;1;1; ;Uskon, että sitä olisi saanut, jos olisin itse hakenut. Kenties enemmän tukiryhmiä ja vähemmän lääkkeitä. Ehkä siinä on jotain.;1;10;4;8;11;4;2;0;0;0;0;0;0;0;1;0;0;,7788
3387;1;592;6;1;1; ; ;1;7;6;1;6;3;5;0;0;1;0;0;0;0;0;0;0;,6923
3387;1;593;0;1;1; ; ;1;7;4;10;1;7;6;0;1;0;0;0;0;0;0;0;0;,9687
3387;1;594;2;1;2; ; ;1;9;7;8;11;2;1;0;0;0;0;0;0;1;0;0;0;1,0678
3387;1;595;0;1;1; ; ;1;10;5;8;7;6;10;0;0;0;0;0;0;1;0;0;0;,7143
3387;1;596;2;1;2; ; ;1;9;8;8;11;5;3;0;1;0;0;0;0;0;0;0;0;1,0475
3387;1;597;3;1;1; ; ;1;9;8;8;4;7;18;0;0;0;0;0;0;0;1;0;0;,7421
3387;1;598;1;5; ; ; ;1;7;4;2;11;7;2;0;0;0;0;1;1;0;0;0;0;1,039
3387;1;599;4;1;2; ; ;1;8;7;1;7;3;5;0;0;0;0;0;1;1;0;0;0;,6942
3387;1;600;1;1;1; ;Pitäisi olla helpompi löytää henkilö jonka kanssa voisi äsiasta puhua.;1;11;3;8;4;2;1;0;0;0;0;0;0;0;1;0;0;1,1129
3387;1;601;1;1;1; ; ;1;11;8;8;4;1;1;0;0;0;0;0;0;0;1;0;0;1,0881
3387;1;602;0;1;1; ; ;1;8;4;1;6;7;12;0;0;0;0;0;1;0;0;0;0;,9907
3387;1;603;7;1;1; ; ;1;10;9;8;2;7;5;0;0;0;0;0;0;0;1;0;0;1,0824
3387;1;604;0;1;2; ; ;1;11;4;8;3;4;2;0;0;0;0;0;0;0;1;0;0;,7788
3387;1;605;0;1;2; ; ;1;10;7;8;7;6;2;0;0;0;0;0;0;1;0;0;0;1,0751
3387;1;606;0;1;1; ;Järkevää keskusteluseuraa.;1;10;3;8;4;6;2;0;0;0;0;0;0;0;1;0;0;1,0751
3387;1;607;7;1;2; ; ;1;10;8;3;4;1;1;0;0;0;0;0;0;0;1;0;0;1,0881
3387;1;608;0;1;3; ; ;1;6;4;1;11;6;2;0;0;0;0;1;1;0;0;0;0;1,0286
3387;1;609;2;1;1; ; ;2;6;4;5;11;5;1;0;0;0;0;1;0;0;0;0;0;,8403
3387;1;610;0;5; ; ; ;1;8;4;1;11;5;16;0;0;1;0;0;0;0;0;0;0;,9214
3387;1;611;7;1;1; ; ;1;8;7;2;9;5;8;0;0;0;0;0;1;0;0;0;0;1,2185
3387;1;612;1;1;2; ; ;1;10;5;8;3;2;1;0;1;0;0;0;0;0;0;0;0;1,1129
3387;1;613;0;1;2; ; ;1;7;5;3;11;6;1;0;0;0;0;0;0;0;0;0;1;,9476
3387;1;614;3;1;2; ; ;2;8;4;1;5;7;1;0;0;0;0;1;0;0;0;0;0;,9811
3387;1;615;1;1;2; ; ;2;5;8;1;6;7;2;0;0;0;0;0;0;1;0;0;0;1,1257
3387;1;616;7;4; ;1; ;1;7;7;10;11;2;1;0;0;0;0;0;0;1;0;0;0;1,0649
3387;1;617;5;2; ;2; ;2;6;7;2;5;7;16;0;1;0;0;0;0;0;0;0;0;1,0934
3387;1;618;2;1;2; ; ;1;11;5;8;11;5;2;0;0;0;0;0;0;0;1;0;0;,9327
3387;1;619;0;1;2; ; ;2;10;7;8;6;5;7;0;0;0;0;0;0;1;0;0;0;,9869
3387;1;620;1;1;2; ; ;2;6;7;3;9;6;6;0;0;0;0;1;0;1;0;0;0;,9802
3387;1;621;0;1;1; ; ;2;4;4;1;9;5;12;0;0;0;0;1;0;0;0;0;0;,9194
3387;1;622;4;1;1; ; ;2;7;5;1;11;2;1;0;0;0;0;1;1;1;0;0;0;1,0884
3387;1;623;0;1;2; ; ;2;7;7;3;11;5;14;0;0;0;0;1;0;0;0;0;0;1,7169
3387;1;624;0;1;2; ; ;2;6;5;3;9;5;4;0;0;0;0;0;1;1;0;0;0;,99
3387;1;625;3;2; ;2; ;2;4;8;3;9;3;5;0;0;1;0;0;0;0;0;0;0;,7501
3387;1;626;0;1;1; ; ;1;10;8;8;8;4;2;0;0;0;0;0;0;0;1;0;0;,7788
3387;1;627;2;1;1; ; ;1;5;7;3;9;4;2;0;0;0;0;1;0;0;0;0;0;,7899
3387;1;628;1;1;2; ; ;1;7;8;2;10;3;5;0;0;0;0;0;1;1;0;0;0;,6923
3387;1;629;0;1;2; ; ;2;7;8;3;10;1;1;0;0;0;0;0;0;1;0;0;0;1,0642
3387;1;630;0;1;3; ; ;1;5;8;2;11;7;12;0;1;0;0;0;0;0;0;0;0;1,0472
3387;1;631;1;1;2; ; ;1;9;8;8;11;4;2;0;0;1;0;0;0;0;0;0;0;,7472
3387;1;632;2;1;1; ; ;2;11;7;8;4;5;9;0;1;0;0;0;0;0;0;0;0;1,0457
3387;1;633;0;1;1; ; ;1;5;5;3;10;2;1;0;0;0;0;1;0;0;0;0;0;1,1288
3387;1;634;0;1;2; ; ;1;8;8;1;5;5;12;0;0;1;0;0;0;0;0;0;0;,8509
3387;1;635;0;2; ;4; ;2;11;9;8;4;1;1;0;0;0;0;0;0;0;1;0;0;1,1122
3387;1;636;8;1;1; ; ;2;6;8;4;10;2;1;0;0;0;0;1;0;0;0;0;0;1,0884
3387;1;637;6;2; ;2; ;2;4;8;2;3;1;1;0;0;0;1;0;0;0;0;0;0;1,1281
3387;1;638;0;1;1; ;nopeaa pääsyä lääkäriin eli heti pitäisi päästä eikä joutua odottamaan;1;4;8;3;11;2;1;0;0;0;0;1;0;0;0;0;0;1,1288
3387;1;639;7;3; ;3;Vanhojen lapsuuden traumojen avaamista.;2;5;8;8;1;1;1;0;0;0;0;0;0;0;1;0;0;1,1281
3387;1;640;7;5; ; ; ;1;4;8;3;5;5;16;0;0;0;0;0;0;0;0;1;0;,974
3387;1;641;0;1;2; ; ;1;10;6;8;3;7;2;0;0;0;0;0;0;0;1;0;0;1,0859
3387;1;642;6;1;2; ; ;2;11;8;8;6;4;2;0;0;0;0;0;0;1;0;0;0;,796
3387;1;643;0;1;2; ; ;2;9;8;2;5;7;13;0;1;0;0;0;0;0;0;0;0;1,1747
3387;1;644;0;1;1; ; ;1;5;4;2;11;5;2;0;0;0;0;1;0;0;0;0;0;,946
3387;1;645;1;1;2; ; ;1;5;8;5;9;4;2;0;0;0;1;1;0;0;0;0;0;,7899
3387;1;646;0;1;2; ; ;1;7;6;2;7;1;1;0;0;1;0;0;0;0;0;0;0;1,0411
3387;1;647;1;5; ; ;Terapiaa jälkikäteen;1;12;5;8;4;7;2;0;0;0;0;0;0;0;1;0;0;1,0859
3387;1;648;11;1;1; ; ;1;8;8;3;6;6;1;0;1;0;0;0;0;0;0;0;0;,9503
3387;1;649;0;1;2; ; ;1;10;7;8;7;5;16;0;0;0;0;0;0;0;1;0;0;,9603
3387;1;650;2;1;1; ; ;1;4;7;1;11;5;10;0;0;0;0;0;0;0;0;0;1;,6285
3387;1;651;0;1;2; ; ;1;8;7;1;11;1;1;0;0;0;0;0;0;1;0;0;0;1,0441
3387;1;652;0;1;1; ; ;1;4;4;9;5;5;11;0;0;0;1;1;0;0;0;0;0;,833
3387;1;653;3;1;1; ; ;1;10;8;8;5;6;16;0;0;0;0;0;0;0;1;0;0;1,1069
3387;1;654;7;5; ; ; ;1;8;7;1;7;6;8;0;0;1;0;0;0;0;0;0;0;1,4045
3387;1;655;0;1;1; ; ;1;5;7;1;6;6;9;0;0;1;0;0;0;0;0;0;0;1,1961
3387;1;656;1;1;1; ; ;1;6;8;7;6;7;2;0;0;1;0;0;0;0;0;0;0;1,039
3387;1;657;0;1;2; ;En minkäänlaista.;1;14;7;8;2;1;1;0;1;0;0;0;0;0;0;0;0;1,0881
3387;1;658;6;3; ;1; ;1;5;7;1;4;5;3;0;0;0;0;0;0;0;0;1;0;1,1073
3387;1;659;0;1;2; ;En osaa sanoa;1;5;7;1;4;4;2;0;1;0;0;0;0;0;0;0;0;,7899
3387;1;660;6;2; ;2; ;1;4;9;11;1;6;1;0;1;0;0;0;0;0;0;0;0;1,0046
3387;1;661;0;1;2; ;Paremmat julkiset terveydenhoitopalvelut  - kroonisiin kipuihin jotka ovat kestämättömiä;1;11;3;5;5;1;1;0;1;0;0;0;0;0;0;0;0;1,0881
3387;1;662;10;3; ;4; ;1;5;6;1;11;5;18;0;0;0;0;1;0;0;0;0;0;,6738
3387;1;663;0;5; ; ; ;1;5;7;10;4;1;1;0;0;1;0;0;0;0;0;0;0;1,1037
3387;1;664;8;4; ;4; ;1;9;5;1;5;5;13;0;0;0;0;0;1;0;0;0;0;,9872
3387;1;665;2;1;1; ; ;1;7;6;1;2;1;1;0;1;0;0;0;0;0;0;0;0;1,0411
3387;1;666;7;4; ;2; ;2;8;4;10;1;6;17;0;1;0;0;0;0;0;0;0;0;,8635
3387;1;667;2;1;3; ; ;1;11;4;8;5;5;13;0;0;0;0;0;0;0;1;0;0;1,0288
3387;1;668;4;2; ;4; ;1;12;8;8;5;6;1;0;0;0;0;0;0;0;1;0;0;,9904
3387;1;669;0;1;2; ; ;1;7;4;1;3;7;10;0;0;0;0;0;0;0;0;1;0;,6903
3387;1;670;0;1;2; ; ;2;7;7;3;10;7;1;0;0;0;0;0;0;1;0;0;0;,9784
3387;1;671;0;1;1; ; ;2;5;7;3;9;6;5;0;0;1;0;0;0;0;0;0;0;1,1109
3387;1;672;1;1;1; ; ;1;4;7;2;6;7;17;0;0;0;1;1;0;0;0;0;0;,9021
3387;1;673;3;1;2; ; ;1;5;8;3;7;4;2;0;0;0;1;0;0;0;0;0;0;,7899
3387;1;674;0;1;3; ; ;1;6;5;2;11;6;5;0;0;1;0;0;0;0;0;0;0;1,0253
3387;1;675;0;1;2; ; ;2;10;4;8;8;1;1;0;0;0;0;0;0;1;0;0;0;1,1122
3387;1;676;0;1;2; ; ;2;8;4;1;11;7;16;0;0;0;0;0;1;1;0;0;0;1,0964
3387;1;677;0;1;2; ; ;2;11;4;8;11;5;12;0;0;0;0;0;0;0;1;0;0;,9064
3387;1;678;1;1;2; ; ;1;10;3;8;4;6;13;0;0;0;0;0;0;1;0;0;0;1,1859
3387;1;679;0;1;1; ; ;2;11;4;8;4;4;2;0;0;0;0;0;0;1;0;0;0;,796
3387;1;680;7;4; ;5;Lastensuojelua, terapiaa;2;4;7;10;11;3;5;0;1;0;0;0;0;0;0;0;0;,7501
3387;1;681;0;1;1; ; ;2;9;8;8;7;6;13;0;0;0;0;0;0;1;0;0;0;1,163
3387;1;682;8;5; ; ;Tiiviimpää keskusteluapua ainakin..;1;10;9;8;11;7;5;0;0;1;0;0;0;0;0;0;0;1,0824
3387;1;683;0;1;1; ; ;1;9;6;8;8;6;7;0;0;0;0;0;0;0;1;0;0;1,0679
3387;1;684;0;1;2; ;En osaa sanoa;2;6;8;4;9;5;7;0;0;0;0;0;0;1;0;0;0;,9443
3387;1;685;1;1;2; ; ;1;4;8;3;8;6;17;0;0;0;0;1;0;0;0;0;0;,8931
3387;1;686;0;1;2; ;En osaa sanoa;1;10;8;8;6;7;2;0;0;0;0;0;0;0;1;0;0;1,0859
3387;1;687;1;2; ;1; ;1;6;8;3;10;7;1;0;0;0;0;1;1;0;0;0;0;,9572
3387;1;688;0;1;1; ;En osaa sanoa;2;10;7;8;4;5;16;0;0;0;0;0;0;0;1;0;0;,9815
3387;1;689;8;4; ;4; ;2;9;2;5;4;6;1;0;0;0;0;0;1;0;0;0;0;,9713
3387;1;690;0;1;2; ;keskustelua asiantuntijan kanssa;2;10;8;5;11;2;1;0;0;0;0;0;0;1;0;0;0;1,1375
3387;1;691;0;1;1; ; ;1;11;4;1;1;2;10;0;1;0;0;0;0;0;0;0;0;,8026
3387;1;692;2;1;1; ; ;1;10;7;8;6;5;8;0;0;0;0;0;0;0;1;0;0;1,27
3387;1;693;2;1;2; ; ;2;14;8;8;5;2;1;0;0;0;0;0;0;0;1;0;0;1,1375
3387;1;694;5;3; ;2; ;2;6;7;5;4;2;1;0;0;0;0;1;0;0;0;0;0;1,0884
3387;1;695;6;2; ;2; ;2;11;4;8;3;6;1;0;0;0;0;0;0;0;1;0;0;1,0123
3387;1;696;0;1;1; ; ;1;8;8;3;9;5;7;0;0;0;0;0;0;1;0;0;0;,9265
3387;1;697;2;5; ; ; ;2;11;7;8;5;1;18;0;0;0;0;0;0;0;1;0;0;,8599
3387;1;698;0;1;2; ; ;2;8;4;6;11;7;6;0;0;0;0;0;0;1;0;0;0;,9929
3387;1;699;0;1;1; ; ;1;10;8;8;9;5;7;0;0;0;0;0;0;0;1;0;0;,9656
3387;1;700;0;1;1; ; ;2;11;6;8;5;7;10;0;0;0;0;0;0;0;1;0;0;,7374
3387;1;701;4;1;1; ; ;2;11;6;8;6;4;2;0;0;0;0;0;0;0;1;0;0;,796
3387;1;702;0;1;1; ;"Jos ihminen on päättänyt päättää päivänsä, hän tekee sen ;)";2;5;7;3;10;7;2;0;0;0;1;0;0;0;0;0;0;1,1257
3387;1;703;1;1;1; ; ;2;11;7;8;7;7;8;0;0;0;0;0;0;0;1;0;0;1,5112
3387;1;704;5;2; ;2; ;1;5;7;1;6;5;6;0;0;0;0;1;0;0;0;0;0;,882
3387;1;705;4;1;2; ; ;1;6;6;1;4;6;12;0;0;0;0;0;0;0;0;1;0;,978
3387;1;706;1;1;1; ; ;1;4;7;1;6;5;15;0;0;0;0;1;0;0;0;0;0;,688
3387;1;707;2;1;1; ; ;1;10;8;8;5;5;18;0;0;0;0;0;0;0;1;0;0;,6643
3387;1;708;0;1;2; ; ;2;4;7;4;10;1;1;0;0;1;0;0;0;0;0;0;0;1,1281
3387;1;709;1;1;2; ;Sain apua ja olin itse aktiivinen;2;5;8;2;9;5;6;0;0;0;0;1;0;0;0;0;0;,9015
3387;1;710;1;1;1; ; ;2;7;8;3;10;1;1;0;0;0;0;1;0;0;0;0;0;1,0642
3387;1;711;4;1;2; ;Ymmärrystä, neuvoa;2;4;6;1;6;5;13;0;0;0;1;0;0;0;0;0;0;1,0666
3387;1;712;3;1;1; ; ;2;5;4;1;5;4;2;0;1;0;0;0;0;0;0;0;0;,8074
3387;1;713;0;1;1; ; ;2;7;8;3;9;5;16;0;0;0;0;0;0;1;0;0;0;,9392
3387;1;714;0;1;2; ; ;1;10;5;8;3;7;16;0;0;0;0;0;0;0;1;0;0;1,118
3387;1;715;5;1;2; ; ;2;4;7;1;4;6;5;0;1;0;0;0;0;0;0;0;0;1,1109
3387;1;716;0;1;1; ;terapiaa;2;7;8;3;7;2;1;0;0;1;0;0;0;0;0;0;0;1,0884
3387;1;717;2;5; ; ;terapiaa;1;8;7;8;11;5;17;0;0;0;0;0;0;1;0;0;0;,733
3387;1;718;0;1;2; ; ;2;7;7;5;9;7;4;0;0;0;0;0;0;1;0;0;0;1,1526
3387;1;719;0;1;3; ; ;2;11;8;8;6;5;11;0;0;0;0;0;0;0;1;0;0;,8394
3387;1;720;0;1;1; ; ;1;10;8;8;4;5;18;0;0;0;0;0;0;0;1;0;0;,6643
3387;1;721;1;4; ;4; ;2;7;6;8;10;6;11;0;0;0;0;0;0;0;1;0;0;,9257
3387;1;722;0;2; ;1; ;2;5;7;3;8;7;4;0;0;0;1;0;0;0;0;0;0;1,2218
3387;1;723;0;5; ; ; ;2;10;2;8;1;6;12;0;1;0;0;0;0;0;0;0;0;1,0448
3387;1;724;0;1;2; ; ;1;10;1;8;11;6;18;0;0;0;0;0;0;1;0;0;0;,7657
3387;1;725;1;5; ; ; ;2;7;6;2;4;5;8;0;0;1;0;0;0;0;0;0;0;1,242
3387;1;726;1;1;1; ;Keskustelua;1;6;8;3;9;6;1;0;0;0;1;1;0;0;0;0;0;,9476
3387;1;727;0;1;2; ; ;1;11;8;8;8;4;2;0;0;0;0;0;0;0;0;1;0;,7788
3387;1;728;7;5; ; ; ;1;6;6;1;3;6;1;0;1;0;0;0;0;0;0;0;0;,9476
3387;1;729;0;1;1; ; ;2;10;8;8;10;6;5;0;0;1;0;0;0;0;0;0;0;1,0953
3387;1;730;0;1;1; ; ;1;5;4;1;9;6;7;0;0;0;0;0;1;0;0;0;0;1,1289
3387;1;731;7;1;2; ; ;1;11;7;8;4;5;3;0;1;0;0;0;0;0;0;0;0;1,0917
3387;1;732;2;1;2; ; ;2;5;8;1;11;6;6;0;0;0;0;1;0;0;0;0;0;1,0391
3387;1;733;0;1;3; ; ;1;12;3;8;2;7;2;0;0;0;0;0;0;0;1;0;0;1,0859
3387;1;734;2;1;1; ; ;2;11;5;8;5;6;2;0;0;0;0;0;0;0;1;0;0;1,0988
3387;1;735;0;1;1; ; ;2;10;8;8;8;7;18;0;0;0;0;0;0;1;0;0;0;,7905
3387;1;736;0;5; ; ; ;2;11;7;8;10;6;5;0;0;0;0;0;0;0;1;0;0;1,0953
3387;1;737;1;1;1; ; ;2;5;8;3;9;5;16;0;0;0;1;0;0;0;0;0;0;,9956
3387;1;738;6;1;1; ; ;2;11;5;8;5;5;7;0;0;0;0;0;0;0;1;0;0;,9869
3387;1;739;1;1;2; ; ;2;9;2;10;2;6;1;0;1;0;0;0;0;0;0;0;0;,9713
3387;1;740;11;5; ; ; ;2;12;8;8;7;7;16;0;0;0;0;0;0;0;1;0;0;1,1427
3387;1;741;2;1;3; ; ;2;4;7;2;4;5;11;0;1;0;0;0;0;0;0;0;0;,8514
3387;1;742;4;1;3; ; ;1;6;7;7;11;5;14;0;1;0;0;0;0;0;0;0;0;1,6798
3387;1;743;5;1;1; ;Läheisten ymmärrystä.;2;8;4;1;4;7;11;0;0;0;0;0;0;1;0;0;0;,9376
3387;1;744;1;1;2; ;Oppilaitoksen terveydenhoitaja ja lääkäri.;1;10;8;8;11;5;16;0;0;0;0;0;0;0;1;0;0;,9603
3387;1;745;1;1;1; ; ;2;8;4;5;10;7;18;0;0;0;0;0;0;1;0;0;0;,7585
3387;1;746;5;1;2; ; ;2;10;6;8;7;5;6;0;0;0;0;0;0;0;1;0;0;,8888
3387;1;747;0;1;1; ; ;2;7;8;3;9;7;5;0;0;0;0;1;0;0;0;0;0;1,0586
3387;1;748;0;5; ; ; ;1;6;8;3;11;6;2;0;0;0;0;1;0;0;0;0;0;1,0286
3387;1;749;1;1;3;4; ;1;5;4;1;3;6;9;0;0;0;0;0;0;0;0;1;0;1,1961
3387;1;750;1;1;1; ; ;1;4;8;2;8;6;5;0;0;0;1;0;0;0;0;0;0;1,0869
3387;1;751;0;1;1; ; ;2;8;7;3;10;6;5;0;0;0;0;0;0;1;0;0;0;1,0509
3387;1;752;0;1;1; ; ;2;7;5;10;1;2;1;0;1;0;0;0;0;0;0;0;0;1,0884
3387;1;753;1;1;1; ; ;2;11;7;5;4;7;12;0;1;0;0;0;0;0;0;0;0;1,0553
3387;1;754;2;1;2; ; ;1;10;6;8;4;6;2;0;0;0;0;0;0;1;0;0;0;1,0751
3387;1;755;1;1;1; ; ;2;5;7;3;10;1;1;0;0;1;0;0;0;0;0;0;0;1,1281
3387;1;756;1;1;1; ; ;2;10;7;8;9;6;2;0;0;0;0;0;0;1;0;0;0;1,0988
3387;1;757;0;1;1; ; ;2;9;6;6;3;6;1;0;1;0;0;0;0;0;0;0;0;,9713
3387;1;758;0;1;1; ; ;1;8;8;3;10;7;14;0;0;0;0;0;0;1;0;0;0;1,9611
3387;1;759;0;1;1; ; ;2;11;8;4;8;5;18;0;0;1;0;0;0;0;0;0;0;,679
3387;1;760;0;1;1; ; ;2;10;4;8;5;7;18;0;0;0;0;0;0;0;1;0;0;,7905
3387;1;761;2;1;1; ; ;2;7;6;1;2;6;8;0;1;0;0;0;0;0;0;0;0;1,4315
3387;1;762;0;1;1; ; ;2;9;5;8;11;6;4;0;0;0;0;0;0;1;0;0;0;1,1443
3387;1;763;0;1;1; ; ;2;9;5;8;6;7;18;0;0;0;0;0;0;1;0;0;0;,7585
3387;1;764;1;1;1; ; ;1;7;4;1;5;7;15;0;0;0;0;0;0;1;0;0;0;,7556
3387;1;765;0;1;1; ; ;1;9;5;5;2;7;13;0;1;0;0;0;0;0;0;0;0;1,1493
3387;1;766;0;1;2; ; ;2;5;8;5;3;7;16;0;0;0;1;1;0;0;0;0;0;1,1591
3387;1;767;3;1;1; ; ;2;5;8;4;8;6;5;0;0;1;0;0;0;0;0;0;0;1,1109
3387;1;768;0;1;1; ; ;1;10;8;8;10;4;2;0;0;0;0;0;0;0;1;0;0;,7788
3387;1;769;2;1;2; ; ;2;5;7;2;8;5;10;0;0;0;0;1;0;0;0;0;0;,6424
3387;1;770;0;1;1; ; ;1;5;8;1;11;7;16;0;0;0;0;1;0;0;0;0;0;1,134
3387;1;771;1;1;2; ; ;2;11;8;8;5;7;14;0;0;0;0;0;0;0;1;0;0;2,0891
3387;1;772;3;2; ;4; ;1;11;5;8;4;5;12;0;0;0;0;0;0;0;1;0;0;,8868
3387;1;773;0;1;1; ; ;2;11;9;8;11;6;2;0;0;0;0;0;0;1;0;0;0;1,0988
3387;1;774;3;1;2; ; ;1;12;8;8;4;1;1;0;0;0;0;0;0;0;1;0;0;1,0881
3387;1;775;4;1;1; ; ;1;12;8;8;4;1;1;0;0;0;0;0;0;0;1;0;0;1,0881
3387;1;776;5;1;2; ; ;2;5;6;2;4;7;1;0;1;0;0;0;0;0;0;0;0;1,0371
3387;1;777;1;2; ;4; ;1;6;5;2;4;6;1;0;1;0;0;0;0;0;0;0;0;,9476
3387;1;778;0;1;2; ; ;1;3;7;5;4;7;11;0;0;0;0;0;0;0;0;0;1;,8975
3387;1;779;5;5; ; ; ;1;6;4;10;2;6;4;0;0;1;0;0;0;0;0;0;0;1,1164
3387;1;780;2;1;2; ; ;1;10;8;8;8;1;1;0;0;0;0;0;0;1;0;0;0;1,0881
3387;1;781;2;5; ; ; ;1;11;8;8;4;5;16;0;1;0;0;0;0;0;0;0;0;,9603
3387;1;782;0;1;1; ; ;1;10;3;8;3;1;1;0;0;0;0;0;0;0;1;0;0;1,0881
3387;1;783;5;1;1; ; ;2;11;3;8;5;6;18;0;0;0;0;0;0;0;1;0;0;,7827
3387;1;784;0;1;2; ; ;2;7;7;4;11;5;6;0;0;0;0;0;0;1;0;0;0;,8505
3387;1;785;2;1;2; ; ;1;13;7;8;11;7;6;0;1;0;0;0;0;0;0;0;0;1,0124
3387;1;786;3;1;1; ; ;1;7;4;10;11;6;9;0;0;0;0;0;0;1;0;0;0;1,1283
3387;1;787;1;1;2; ; ;1;11;7;8;3;4;2;0;0;0;0;0;0;0;1;0;0;,7788
3387;1;788;0;1;2; ; ;1;7;5;2;9;6;1;0;0;1;0;0;0;0;0;0;0;,9476
3387;1;789;5;2; ;2; ;1;6;4;1;4;6;1;0;0;0;0;0;0;0;0;1;0;,9476
3387;1;790;0;1;1; ; ;1;4;8;1;4;5;8;0;1;0;0;0;0;0;0;0;0;1,2881
3387;1;791;3;1;1; ; ;1;6;8;3;10;6;3;0;0;0;0;1;0;0;0;0;0;1,204
3387;1;792;1;1;1; ; ;1;12;8;8;10;6;13;0;0;0;0;0;0;0;1;0;0;1,1859
3387;1;793;0;1;1; ; ;1;9;3;8;2;7;5;0;1;0;0;0;0;0;0;0;0;1,0386
3387;1;794;0;1;1; ;Olen eutanasian kannattaja, jos joskus olen niin huonossa kunnossa, että haluaisin eutanasian, niin siihen apua.;1;10;7;8;5;5;3;0;0;1;0;0;0;0;0;0;0;1,0917
3387;1;795;0;1;2; ; ;1;6;8;3;9;7;1;0;0;0;0;1;0;0;0;0;0;,9572
3387;1;796;0;1;1; ; ;2;11;6;8;11;6;15;0;0;0;0;0;0;1;0;0;0;,7991
3387;1;797;1;1;1; ; ;2;9;7;8;6;7;16;0;0;0;0;0;0;0;1;0;0;1,0964
3387;1;798;5;5; ; ; ;1;10;5;8;5;5;4;0;0;0;0;0;0;0;1;0;0;1,0123
3387;1;799;1;1;1; ;Teini-iän ahdistukseen vaikka kuraattorin apua;2;4;7;3;5;6;12;0;1;0;0;0;0;0;0;0;0;1,0597
3387;1;800;0;1;1; ; ;2;5;4;1;4;5;4;0;1;0;0;0;0;0;0;0;0;1,0494
3387;1;801;2;2; ;4; ;1;10;5;8;5;6;3;0;0;0;0;0;0;1;0;0;0;1,2583
3387;1;802;1;1;2; ; ;1;10;4;8;11;6;2;0;0;1;0;0;0;0;0;0;0;1,0751
3387;1;803;1;1;1; ; ;2;5;7;3;10;1;1;0;0;1;0;0;0;0;0;0;0;1,1281
3387;1;804;5;5; ; ; ;1;7;7;8;8;6;1;0;0;0;0;0;0;1;0;0;0;,9476
3387;1;805;3;1;2; ; ;2;9;7;10;4;5;8;0;0;0;0;0;0;0;0;0;1;1,2454
3387;1;806;7;1;1; ; ;1;10;7;2;2;6;5;0;1;0;0;0;0;0;0;0;0;1,0716
3387;1;807;7;1;3; ; ;2;8;8;3;5;6;18;0;1;0;0;0;0;0;0;0;0;,7509
3387;1;808;0;1;1; ; ;1;8;7;2;5;7;16;0;0;0;0;0;0;0;0;1;0;1,0727
3387;1;809;0;1;1; ; ;1;10;4;8;6;6;18;0;0;0;0;0;0;0;1;0;0;,7657
3387;1;810;1;1;2; ; ;2;10;5;8;8;4;2;0;0;0;0;0;0;1;0;0;0;,796
3387;1;811;0;1;2; ;Masentuneella ei oikein ole voimavaroja etsiä apua, en oikein tiedä miten asiaa voisi helpottaa;1;7;7;1;8;6;11;0;0;0;1;1;0;0;0;0;0;,9057
3387;1;812;3;1;1; ; ;2;12;8;8;5;7;16;0;0;0;0;0;0;0;1;0;0;1,1427
3387;1;813;0;1;1; ; ;2;10;8;8;7;6;5;0;0;0;0;0;0;0;1;0;0;1,0953
3387;1;814;0;1;2; ; ;2;12;8;8;9;2;1;0;0;0;0;0;0;0;1;0;0;1,1375
3387;1;815;5;2; ;4; ;2;7;4;1;9;6;1;0;0;1;0;0;0;0;0;0;0;,9686
3387;1;816;0;1;1; ; ;2;7;4;2;5;6;15;0;0;1;0;0;0;0;0;0;0;,7646
3387;1;817;2;5; ; ; ;1;10;6;8;8;6;15;0;0;0;0;0;0;0;1;0;0;,7819
3387;1;818;1;1;1; ; ;2;9;8;8;11;7;12;0;1;0;0;0;0;0;0;0;0;1,0126
3387;1;819;0;1;3; ; ;1;10;5;8;11;6;16;0;0;0;0;0;0;0;1;0;0;1,1069
3387;1;820;1;1;1; ; ;2;5;6;3;9;2;1;0;0;0;0;0;0;0;0;1;0;1,1538
3387;1;821;7;2; ;1; ;2;8;6;2;8;7;6;0;0;1;0;0;0;0;0;0;0;,9929
3387;1;822;8;1;1; ; ;1;6;7;2;11;5;8;0;0;0;0;0;1;0;0;0;0;1,2151
3387;1;823;0;1;1; ;tukea ja puhekaveria;2;6;4;1;11;7;11;0;0;0;0;1;0;0;0;0;0;,935
3387;1;824;0;1;1; ; ;2;6;4;1;3;6;5;0;1;0;0;0;0;0;0;0;0;1,048
3387;1;825;2;1;1; ; ;1;8;5;1;4;7;1;0;0;0;0;0;1;0;0;0;0;,9599
3387;1;826;5;1;2; ; ;1;10;3;8;3;6;17;0;0;0;0;0;0;1;0;0;0;,8805
3387;1;827;0;1;2; ; ;2;9;8;8;4;7;12;0;0;0;0;0;0;1;0;0;0;1,0126
3387;1;828;1;5; ; ; ;2;7;5;1;11;7;16;0;0;0;0;1;0;0;0;0;0;1,0934
3387;1;829;0;1;1; ; ;1;11;6;8;5;5;14;0;0;0;0;0;0;0;1;0;0;1,7556
3387;1;830;0;1;1; ; ;1;8;7;5;11;6;1;0;0;0;0;0;0;1;0;0;0;,9503
3387;1;831;5;1;1; ; ;2;5;6;1;3;7;16;0;0;0;1;1;0;0;0;0;0;1,1591
3387;1;832;6;3; ;1; ;1;4;8;11;2;5;13;0;0;1;0;0;0;0;0;0;0;1,0435
3387;1;833;0;1;1; ; ;2;8;7;2;9;5;13;0;0;0;0;0;0;1;0;0;0;1,009
3387;1;834;0;1;1; ; ;1;9;3;8;11;7;1;0;0;0;0;0;0;0;1;0;0;,9599
3387;1;835;0;1;1; ; ;2;12;7;8;5;5;16;0;0;0;0;0;0;0;1;0;0;,9815
3387;1;836;7;2; ;4; ;2;5;4;8;2;7;16;0;1;0;0;0;0;0;0;0;0;1,1591
3387;1;837;0;1;1; ;En mitään.;2;7;4;1;11;5;15;0;0;0;0;0;0;1;0;0;0;,6634
3387;1;838;3;3; ;1; ;2;6;6;1;7;6;3;0;0;0;0;1;0;0;0;0;0;1,2306
3387;1;839;0;1;2; ; ;2;5;7;3;8;3;5;0;0;0;1;0;0;0;0;0;0;,7501
3387;1;840;0;1;1; ; ;2;13;8;8;7;2;1;0;0;0;0;0;0;0;1;0;0;1,1375
3387;1;841;0;1;1; ; ;1;9;4;1;3;5;6;0;0;0;0;0;1;0;0;0;0;,8344
3387;1;842;8;2; ;4; ;2;6;8;4;10;7;3;0;0;0;1;1;0;0;0;0;0;1,243
3387;1;843;3;2; ;4;Oli ihan hyvää ja riittävää.;2;5;7;2;4;6;1;0;1;0;0;0;0;0;0;0;0;1,0268
3387;1;844;0;1;2; ; ;1;9;8;5;11;6;8;0;0;0;0;0;0;1;0;0;0;1,4045
3387;1;845;0;1;2; ; ;1;8;9;5;6;7;7;0;0;0;0;0;0;1;0;0;0;1,0786
3387;1;846;0;1;2; ; ;1;10;8;8;11;7;12;0;0;0;0;0;0;1;0;0;0;1,0325
3387;1;847;0;1;2; ; ;1;11;2;8;1;5;7;0;0;0;0;0;0;0;1;0;0;,9656
3387;1;848;3;1;1; ; ;2;12;5;8;5;5;16;0;0;1;0;0;0;0;0;0;0;,9815
3387;1;849;1;1;2; ; ;2;12;2;8;5;7;12;0;0;0;0;0;0;0;1;0;0;1,0553
3387;1;850;0;1;1; ; ;1;10;7;8;5;5;4;0;0;0;0;0;0;0;1;0;0;1,0123
3387;1;851;0;1;2; ; ;1;11;5;8;4;6;1;0;0;0;0;0;0;0;1;0;0;,9904
3387;1;852;1;2; ;4; ;2;9;8;8;4;5;11;0;0;0;0;0;0;1;0;0;0;,8054
3387;1;853;3;1;2; ; ;2;10;8;8;9;6;11;0;0;0;0;0;0;0;1;0;0;,9675
3387;1;854;5;1;1; ;En osaa sanoa;1;9;5;2;7;7;1;0;0;0;0;0;0;1;0;0;0;,9599
3387;1;855;0;1;2; ; ;2;11;5;8;6;5;3;0;0;0;0;0;0;0;1;0;0;1,1158
3387;1;856;4;2; ;4; ;2;4;7;11;9;6;1;0;0;0;0;1;0;0;0;0;0;1,0268
3387;1;857;0;1;1; ; ;2;12;8;8;6;5;7;0;0;0;0;0;0;0;1;0;0;,9869
3387;1;858;1;1;2; ;En osaa sanoa;2;7;4;1;5;6;18;0;0;0;0;0;1;0;0;0;0;,7489
3387;1;859;2;1;1; ; ;1;4;7;3;8;7;16;0;0;0;0;1;0;0;0;0;0;1,134
3387;1;860;0;1;2; ;Lääkitys. Keskusteluapu tarvittaessa.;1;12;8;8;5;7;11;0;1;0;0;0;0;0;0;0;0;,9561
3387;1;861;0;1;1; ; ;2;8;7;2;4;7;18;0;1;0;0;0;0;0;0;0;0;,7585
3387;1;862;0;1;1; ; ;1;6;7;3;9;6;5;0;0;0;0;1;0;0;0;0;0;1,0253
3387;1;863;2;5; ; ; ;2;10;7;8;3;7;17;0;1;0;0;0;0;0;0;0;0;,9091
3387;1;864;9;4; ;4;Eri menetelmien toteutustapa- ja saatavuustietoja;2;5;4;5;4;6;3;0;1;0;0;0;0;0;0;0;0;1,3045
3387;1;865;0;1;1; ;En ole lähiaikoina miettinyt itsemurhaa;2;9;2;6;4;6;1;0;0;0;0;0;0;1;0;0;0;,9713
3387;1;866;3;1;1; ; ;1;10;8;8;1;7;13;0;0;0;0;0;0;0;1;0;0;1,1978
3387;1;867;2;1;1; ; ;1;7;8;3;8;7;10;0;0;0;0;0;0;1;0;0;0;,6903
3387;1;868;1;1;1; ; ;1;9;8;2;3;7;18;0;0;0;0;0;0;0;1;0;0;,7421
3387;1;869;0;1;1; ; ;2;9;4;2;6;5;14;0;1;0;0;0;0;0;0;0;0;1,7217
3387;1;870;0;1;2; ; ;2;10;6;8;11;5;13;0;0;0;0;0;0;1;0;0;0;1,0516
3387;1;871;0;1;2; ; ;2;9;2;8;2;5;11;0;1;0;0;0;0;0;0;0;0;,8054
3387;1;872;8;1;1; ; ;1;8;8;3;10;6;3;0;0;0;0;0;1;1;0;0;0;1,2074
3387;1;873;7;5; ; ; ;1;8;5;1;1;5;8;0;0;0;0;0;0;0;0;0;1;1,2185
3387;1;874;3;1;1; ;Keskustelu apua;1;9;6;8;8;5;15;0;0;0;0;0;0;0;1;0;0;,6509
3387;1;875;0;1;3; ; ;1;7;5;2;9;5;6;0;0;0;0;1;0;0;0;0;0;,8321
3387;1;876;1;1;1; ; ;2;13;8;8;8;6;2;0;0;0;0;0;0;0;1;0;0;1,0988
3387;1;877;0;1;2; ; ;1;4;7;2;5;7;7;0;0;0;1;1;0;0;0;0;0;1,1402
3387;1;878;0;1;2; ;Puhelin apu;1;10;2;8;4;7;16;0;0;0;0;0;0;0;1;0;0;1,118
3387;1;879;1;1;1; ; ;1;12;8;8;11;5;7;0;0;1;0;0;0;0;0;0;0;,9656
3387;1;880;6;1;3; ; ;1;5;7;2;7;7;1;0;0;0;0;1;0;0;0;0;0;1,0147
3387;1;881;0;1;2; ; ;1;11;8;5;9;6;2;0;0;0;0;0;0;1;0;0;0;1,0751
3387;1;882;3;1;2; ; ;1;7;7;5;4;7;5;0;0;0;0;0;0;1;0;0;0;1,0357
3387;1;883;0;5; ; ; ;1;7;4;8;11;7;12;0;0;0;0;0;0;0;0;0;1;,9879
3387;1;884;5;1;1; ; ;2;5;7;2;9;7;2;0;0;0;0;1;0;0;0;0;0;1,1257
3387;1;885;11;5; ; ; ;1;10;8;8;11;6;9;0;0;0;0;0;0;0;1;0;0;1,1792
3387;1;886;5;1;2; ;Kaikkeen ei voi vaikuttaa edes ammattiapu;2;7;7;9;8;7;10;0;0;0;0;1;0;0;0;0;0;,7056
3387;1;887;0;1;1; ; ;2;8;7;1;6;5;14;0;1;0;0;0;0;0;0;0;0;1,7217
3387;1;888;5;1;1; ; ;2;9;4;10;1;7;10;0;1;0;0;0;0;0;0;0;0;,7075
3387;1;889;0;1;1; ; ;1;7;4;1;7;7;14;0;0;0;0;0;0;1;0;0;0;1,9557
3387;1;890;2;2; ;2; ;2;9;7;4;8;6;9;0;0;0;0;0;0;1;0;0;0;1,1565
3387;1;891;2;3; ;2; ;2;4;1;4;8;7;2;0;0;0;1;1;0;0;0;0;0;1,1257
3387;1;892;2;1;2; ; ;2;7;1;5;5;5;14;0;0;0;0;0;1;0;0;0;0;1,7169
3387;1;893;8;5; ; ; ;1;11;7;8;2;5;3;0;0;0;0;0;0;0;1;0;0;1,0917
3387;1;894;0;1;1; ; ;2;8;5;3;8;7;16;0;0;0;0;0;0;1;0;0;0;1,0964
3387;1;895;0;1;3; ; ;1;9;7;5;10;6;1;0;0;0;0;0;1;0;0;0;0;,9503
3387;1;896;0;1;1; ; ;1;9;8;4;9;7;13;0;1;0;0;0;0;0;0;0;0;1,1493
3387;1;897;2;1;1; ; ;1;12;8;8;6;5;4;0;0;0;0;0;0;0;1;0;0;1,0123
3387;1;898;3;1;1; ; ;1;7;8;3;9;6;18;0;0;0;0;1;0;0;0;0;0;,7327
3387;1;899;0;1;1; ; ;2;4;4;8;1;7;1;0;1;0;0;0;0;0;0;0;0;1,0371
3387;1;900;0;1;1; ; ;1;7;7;1;7;7;2;0;0;0;0;0;0;1;0;0;0;1,039
3387;1;901;1;1;2; ; ;2;9;4;8;5;7;2;0;0;0;0;0;0;0;1;0;0;1,0649
3387;1;902;8;1;1; ; ;2;9;2;1;3;7;1;0;1;0;0;0;0;0;0;0;0;,9811
3387;1;903;0;1;2; ; ;2;11;1;8;4;6;1;0;0;0;0;0;0;0;1;0;0;1,0123
3387;1;904;0;1;1; ; ;1;5;8;3;9;6;17;0;0;0;0;1;0;0;0;0;0;,8931
3387;1;905;5;1;1; ; ;2;12;7;8;6;6;17;0;1;0;0;0;0;0;0;0;0;,9
3387;1;906;0;1;1; ; ;1;8;5;1;8;7;12;0;0;0;0;0;0;1;0;0;0;,9907
3387;1;907;0;1;1; ; ;2;10;4;8;7;6;12;0;0;0;0;0;0;1;0;0;0;1,0448
3387;1;908;1;1;1; ; ;2;5;4;10;1;6;12;0;0;0;0;0;0;0;0;1;0;1,0597
3387;1;909;1;1;1; ; ;2;12;2;6;3;7;12;0;0;0;0;0;0;0;1;0;0;1,0553
3387;1;910;0;1;1; ; ;1;9;5;8;6;7;12;0;0;0;0;0;0;0;1;0;0;,9907
3387;1;911;4;1;2; ; ;2;8;7;3;8;7;12;0;0;0;0;1;0;0;0;0;0;1,0126
3387;1;912;6;1;1; ;Työterveyshuollon kautta;1;4;7;2;6;7;12;0;0;0;1;0;0;0;0;0;0;1,0472
3387;1;913;6;1;3; ;Kuuntelevaa ja kannustavaa;1;5;5;2;6;7;12;0;0;0;0;0;0;0;0;1;0;1,0472
3387;1;914;8;5; ; ; ;2;12;8;8;6;7;12;0;0;0;0;0;0;0;1;0;0;1,0553
3387;1;915;3;1;1; ; ;2;7;5;8;11;6;12;0;0;0;0;0;0;0;0;0;1;,9997
3387;1;916;0;1;1; ; ;1;6;8;3;7;5;6;0;0;0;0;0;0;1;0;0;0;,8321
3387;1;917;1;1;2; ; ;2;9;6;2;9;7;6;0;0;0;0;0;0;1;0;0;0;,9929
3387;1;918;3;1;1; ; ;2;10;8;8;11;5;6;0;0;0;0;0;0;1;0;0;0;,8888
3387;1;919;1;1;1; ; ;2;4;7;2;9;5;6;0;0;0;1;1;1;0;0;0;0;,9015
3387;1;920;5;2; ;2; ;1;10;5;3;3;6;6;0;0;0;0;0;0;0;1;0;0;1,0023
3387;1;921;0;1;2; ; ;2;11;7;8;5;6;6;0;0;0;0;0;0;0;1;0;0;1,0245
3387;1;922;0;1;1; ; ;1;11;8;8;11;7;10;0;1;0;0;0;0;0;0;0;0;,7215
3387;1;923;1;1;1; ; ;2;11;8;8;3;7;10;0;0;0;0;0;0;0;1;0;0;,7374
3387;1;924;0;1;1; ; ;2;9;4;8;4;6;9;0;0;1;0;0;0;0;0;0;0;1,1565
3387;1;925;0;1;1; ; ;2;10;5;8;5;6;10;0;0;0;0;0;0;0;1;0;0;,73
3387;1;926;0;1;1; ; ;2;7;8;4;9;7;10;0;0;1;0;0;0;0;0;0;0;,7056
3387;1;927;2;5; ; ; ;2;10;7;8;3;7;10;0;1;0;0;0;0;0;0;0;0;,7374
3387;1;928;2;1;1; ; ;1;9;8;8;5;6;9;0;0;0;0;0;0;0;1;0;0;1,1315
3387;1;929;0;1;2; ; ;2;7;7;5;10;6;1;0;0;0;0;0;1;0;0;0;0;,9686
3387;1;930;3;1;1; ; ;1;8;6;8;4;6;17;0;0;0;0;0;0;1;0;0;0;,8449
3387;1;931;0;1;1; ; ;2;10;2;8;9;7;5;0;0;0;0;0;0;1;0;0;0;1,1063
3387;1;932;0;2; ;4; ;1;7;7;5;6;6;1;0;0;0;0;0;0;1;0;0;0;,9476
3387;1;933;4;5; ; ; ;2;10;8;8;11;6;9;0;0;0;0;0;0;1;0;0;0;1,2053
3387;1;934;1;1;1; ; ;2;9;8;8;11;6;4;0;0;0;0;0;0;1;0;0;0;1,1443
3387;1;935;7;2; ;2; ;2;7;4;8;4;6;4;0;0;0;0;0;0;0;1;0;0;1,1411
3387;1;936;0;1;1; ; ;2;10;3;8;4;6;4;0;0;0;0;0;0;1;0;0;0;1,1926
3387;1;937;8;4; ;4; ;2;5;8;2;6;5;7;0;0;1;0;0;0;0;0;0;0;1,001
3387;1;938;7;5; ; ; ;1;8;4;1;3;6;1;0;0;0;0;0;0;1;0;0;0;,9503
3387;1;939;5;5; ; ; ;2;5;8;10;11;6;4;0;0;1;0;0;0;0;0;0;0;1,2096
3387;1;940;0;1;2; ; ;2;5;6;1;9;6;1;0;0;0;0;1;0;0;0;0;0;1,0268
3387;1;941;1;1;2; ; ;2;7;9;3;11;7;1;0;0;0;0;0;0;1;0;0;0;,9784
3387;1;942;0;1;3; ;Henkilökohtaista terapiaa, ei lääkehoitoa;2;5;4;1;2;6;10;0;0;0;0;0;0;0;0;0;1;,7405
3387;1;943;10;1;1; ; ;2;9;8;8;6;7;10;0;0;0;0;0;0;1;0;0;0;,7075
3387;1;944;0;1;2; ; ;1;8;5;2;8;6;10;0;0;0;0;1;0;0;0;0;0;,6853
3387;1;945;0;1;2; ; ;2;6;4;5;8;7;10;0;0;0;0;1;0;0;0;0;0;,7056
3387;1;946;7;1;2; ; ;2;10;5;2;7;6;10;0;0;0;0;0;0;1;0;0;0;,73
3387;1;947;0;1;1; ; ;1;6;5;1;9;6;10;0;0;0;0;0;0;1;0;0;0;,6834
3387;1;948;11;5; ; ; ;1;8;8;3;8;7;9;0;0;0;0;0;0;1;0;0;0;1,1429
3387;1;949;0;1;1; ; ;2;11;8;8;4;6;1;0;0;0;0;0;0;1;0;0;0;1,0123
3387;1;950;0;1;2; ; ;2;6;8;3;5;7;16;0;1;0;0;0;0;0;0;0;0;1,0934
3387;1;951;0;1;2; ; ;2;11;5;8;8;6;10;0;0;0;0;0;0;0;1;0;0;,73
3387;1;952;4;2; ;1; ;1;4;4;10;2;5;3;0;0;1;0;0;0;0;0;0;0;1,1073
3387;1;953;0;1;1; ; ;1;9;9;11;8;7;5;0;0;0;0;0;0;0;0;0;1;1,0386
3387;1;954;1;1;1; ;Keskustelua, kuuntelua;1;12;5;8;5;6;1;0;0;0;0;0;0;0;1;0;0;,9904
3387;1;955;4;1;2; ; ;2;12;2;8;3;6;18;0;0;0;0;0;0;0;1;0;0;,7827
3387;1;956;1;1;1; ; ;2;7;5;1;5;7;6;0;0;0;0;0;0;0;0;1;0;,9901
3387;1;957;6;5; ; ;En osaa sanoa;2;8;8;3;9;6;3;0;0;0;0;0;0;1;0;0;0;1,234
3387;1;958;2;1;2; ; ;2;6;7;3;10;7;6;0;0;0;1;1;0;0;0;0;0;,9901
3387;1;959;5;4; ;4;lohtua ja taloudellista tukea;2;7;4;10;1;7;16;0;1;0;0;0;0;0;0;0;0;1,0934
3387;1;960;2;1;2; ; ;1;7;5;1;2;5;3;0;1;0;0;0;0;0;0;0;0;1,0446
3387;1;961;9;2; ;1; ;2;7;4;10;3;5;7;0;0;0;0;0;0;1;0;0;0;,9443
3387;1;962;0;1;1; ; ;2;10;7;8;5;5;4;0;0;0;0;0;0;1;0;0;0;1,0347
3387;1;963;0;1;2; ; ;2;5;4;2;8;7;10;0;0;0;0;1;0;0;0;0;0;,7479
3387;1;964;1;1;1; ; ;2;5;6;1;6;7;10;0;0;1;0;0;0;0;0;0;0;,7479
3387;1;965;1;1;1; ; ;2;12;2;8;2;7;10;0;1;0;0;0;0;0;0;0;0;,7374
3387;1;966;0;1;2; ; ;1;6;8;3;9;7;12;0;0;1;0;0;0;0;0;0;0;,9879
3387;1;967;8;1;1; ; ;1;5;8;3;5;7;15;0;0;0;0;0;0;0;0;1;0;,801
3387;1;968;0;1;1; ; ;2;9;7;8;8;5;3;0;0;0;0;0;0;1;0;0;0;1,0706
3387;1;969;2;1;1; ; ;1;7;8;10;3;7;13;0;1;0;0;0;0;0;0;0;0;1,1461
3387;1;970;8;5; ; ; ;2;8;7;10;3;6;3;0;1;0;0;0;0;0;0;0;0;1,234
3387;1;971;2;2; ;4; ;2;9;7;8;10;5;14;0;0;0;0;0;0;1;0;0;0;1,7217
3387;1;972;0;1;1; ; ;1;8;8;4;10;6;1;0;0;0;0;1;0;0;0;0;0;,9503
3387;1;973;9;5; ; ; ;2;9;5;5;10;7;2;0;0;0;1;0;0;0;0;0;0;1,0649
3387;1;974;1;1;1; ; ;2;4;4;6;4;6;17;0;0;0;1;0;0;0;0;0;0;,9128
3387;1;975;2;1;1; ; ;1;5;7;1;9;7;12;0;0;0;0;1;0;0;0;0;0;1,0472
3387;1;976;1;1;2; ; ;1;10;7;8;2;6;10;0;1;0;0;0;0;0;0;0;0;,7143
3387;1;977;0;1;1; ; ;1;11;7;8;5;7;10;0;0;0;0;0;0;0;1;0;0;,7215
3387;1;978;0;1;2; ; ;2;12;5;8;7;7;2;0;0;0;0;0;0;0;1;0;0;1,1099
3387;1;979;5;5; ; ; ;2;7;4;1;5;6;5;0;0;1;0;0;0;0;0;0;0;1,048
3387;1;980;0;1;1; ; ;2;4;4;1;9;6;10;0;0;0;1;0;0;0;0;0;0;,7405
3387;1;981;1;1;1; ; ;2;5;8;3;8;5;11;0;0;0;1;0;0;0;0;0;0;,8514
3387;1;982;1;1;1; ; ;2;11;2;8;2;5;8;0;0;0;0;0;0;0;1;0;0;1,298
3387;1;983;1;1;2; ; ;2;5;8;1;11;7;1;0;1;0;0;0;0;0;0;0;0;1,0371
3387;1;984;0;1;1; ; ;1;11;7;2;2;6;9;0;0;0;0;0;0;1;0;0;0;1,1792
3387;1;985;11;1;2; ; ;1;10;2;8;11;6;3;0;1;0;0;0;0;0;0;0;0;1,2583
3387;1;986;0;1;1; ; ;2;7;1;1;10;6;18;0;0;0;0;0;1;0;0;0;0;,7489
3387;1;987;1;2; ;4;Joku huomaa ja ohjaa ammattiauttajalle;1;5;5;3;9;7;1;0;0;0;0;1;0;0;0;0;0;1,0147
3387;1;988;1;1;1; ; ;1;9;6;8;11;6;9;0;1;0;0;0;0;0;0;0;0;1,1315
3387;1;989;0;1;2; ; ;1;9;8;8;3;5;11;0;0;0;0;0;0;0;1;0;0;,788
3387;1;990;0;1;1; ; ;2;11;4;8;4;7;3;0;0;0;0;0;0;0;1;0;0;1,2991
3387;1;991;10;1;1; ; ;1;14;3;8;11;5;7;0;0;0;0;0;0;0;1;0;0;,9656
3387;1;992;2;5; ; ; ;1;8;5;8;6;5;3;0;0;0;0;0;0;1;0;0;0;1,0475
3387;1;993;7;5; ; ; ;1;10;8;8;3;7;11;0;1;0;0;0;0;0;0;0;0;,9561
3387;1;994;3;1;1; ; ;2;5;4;1;4;7;14;0;0;0;0;0;0;0;0;0;1;2,1189
3387;1;995;2;1;1; ; ;2;11;7;8;3;6;9;0;0;0;0;0;0;0;1;0;0;1,2053
3387;1;996;0;1;1; ; ;1;5;7;5;5;7;15;0;0;0;0;1;0;0;0;0;0;,801
3387;1;997;8;2; ;2;Ymmärrystä ja asian esille tuomista helpommin;1;4;4;1;4;7;2;0;1;0;0;0;0;0;0;0;0;1,1014
3387;1;998;0;1;1; ; ;2;10;6;8;3;7;12;0;0;0;0;0;0;0;0;1;0;1,0553
3387;1;999;0;1;1; ; ;1;11;5;8;11;6;16;0;0;0;0;0;0;0;1;0;0;1,1069
3387;1;1000;1;1;2; ; ;2;11;8;8;2;7;12;0;1;0;0;0;0;0;0;0;0;1,0553
